,date,close,open,high,low,volume,keyword
1858,2015-11-02,4115.0,4105.0,4160.0,4105.0,33034.0,신풍제약
1857,2015-11-03,4165.0,4085.0,4170.0,4085.0,19751.0,신풍제약
1856,2015-11-04,4150.0,4160.0,4180.0,4105.0,38877.0,신풍제약
1855,2015-11-05,4345.0,4140.0,4375.0,4110.0,184537.0,신풍제약
1854,2015-11-06,4470.0,4450.0,4675.0,4410.0,387022.0,신풍제약
1850,2015-11-09,4400.0,4510.0,4550.0,4400.0,117796.0,신풍제약
1849,2015-11-10,4335.0,4400.0,4480.0,4210.0,78444.0,신풍제약
1848,2015-11-11,4540.0,4335.0,4540.0,4280.0,74211.0,신풍제약
1847,2015-11-12,4510.0,4555.0,4560.0,4435.0,56307.0,신풍제약
1846,2015-11-13,4380.0,4425.0,4530.0,4340.0,75030.0,신풍제약
1843,2015-11-16,4210.0,4300.0,4375.0,4200.0,87401.0,신풍제약
1842,2015-11-17,4285.0,4240.0,4350.0,4215.0,53435.0,신풍제약
1841,2015-11-18,4290.0,4340.0,4380.0,4120.0,70402.0,신풍제약
1840,2015-11-19,4275.0,4340.0,4340.0,4130.0,46069.0,신풍제약
1839,2015-11-20,4210.0,4280.0,4280.0,4150.0,102417.0,신풍제약
1835,2015-11-23,5470.0,4210.0,5470.0,4210.0,7330400.0,신풍제약
1834,2015-11-24,5240.0,5530.0,5690.0,5100.0,4274229.0,신풍제약
1833,2015-11-25,5250.0,5240.0,5420.0,5120.0,2033789.0,신풍제약
1832,2015-11-26,5030.0,5320.0,5500.0,5030.0,2142639.0,신풍제약
1831,2015-11-27,4985.0,5020.0,5130.0,4930.0,652473.0,신풍제약
1828,2015-11-30,4790.0,4930.0,4955.0,4790.0,528911.0,신풍제약
1827,2015-12-01,4855.0,4835.0,4900.0,4720.0,501998.0,신풍제약
1826,2015-12-02,4780.0,4905.0,4905.0,4740.0,352264.0,신풍제약
1825,2015-12-03,4780.0,4745.0,4845.0,4730.0,251308.0,신풍제약
1824,2015-12-04,4820.0,4750.0,4830.0,4730.0,211845.0,신풍제약
1820,2015-12-07,4720.0,4875.0,4880.0,4715.0,314956.0,신풍제약
1819,2015-12-08,4570.0,4710.0,4735.0,4555.0,336929.0,신풍제약
1818,2015-12-09,4470.0,4565.0,4630.0,4460.0,240440.0,신풍제약
1817,2015-12-10,4430.0,4475.0,4500.0,4295.0,352117.0,신풍제약
1816,2015-12-11,4375.0,4410.0,4450.0,4315.0,174095.0,신풍제약
1813,2015-12-14,4130.0,4315.0,4320.0,4095.0,348913.0,신풍제약
1812,2015-12-15,4175.0,4100.0,4180.0,4100.0,208420.0,신풍제약
1811,2015-12-16,4190.0,4190.0,4300.0,4190.0,181755.0,신풍제약
1810,2015-12-17,4265.0,4370.0,4370.0,4230.0,129161.0,신풍제약
1809,2015-12-18,4320.0,4270.0,4330.0,4240.0,104911.0,신풍제약
1805,2015-12-21,4300.0,4280.0,4370.0,4260.0,121695.0,신풍제약
1804,2015-12-22,4245.0,4315.0,4330.0,4200.0,153780.0,신풍제약
1803,2015-12-23,4245.0,4245.0,4285.0,4210.0,99917.0,신풍제약
1802,2015-12-24,4240.0,4255.0,4280.0,4230.0,116436.0,신풍제약
1801,2015-12-28,4330.0,4190.0,4335.0,4185.0,132073.0,신풍제약
1798,2015-12-29,4355.0,4330.0,4390.0,4330.0,99857.0,신풍제약
1797,2015-12-30,4360.0,4365.0,4395.0,4320.0,97994.0,신풍제약
1796,2016-01-04,4300.0,4360.0,4380.0,4300.0,130516.0,신풍제약
1795,2016-01-05,4430.0,4255.0,4435.0,4230.0,156917.0,신풍제약
1794,2016-01-06,4560.0,4415.0,4690.0,4415.0,483507.0,신풍제약
1790,2016-01-07,4565.0,4570.0,4730.0,4560.0,392057.0,신풍제약
1789,2016-01-08,4720.0,4500.0,4770.0,4380.0,296327.0,신풍제약
1788,2016-01-11,4820.0,4720.0,4890.0,4700.0,407729.0,신풍제약
1787,2016-01-12,4720.0,4865.0,4910.0,4680.0,184798.0,신풍제약
1786,2016-01-13,4665.0,4745.0,4845.0,4640.0,185358.0,신풍제약
1783,2016-01-14,4530.0,4610.0,4670.0,4500.0,232255.0,신풍제약
1782,2016-01-15,4630.0,4580.0,4670.0,4530.0,206018.0,신풍제약
1781,2016-01-18,4750.0,4570.0,4800.0,4560.0,205272.0,신풍제약
1780,2016-01-19,4850.0,4700.0,4885.0,4700.0,230435.0,신풍제약
1779,2016-01-20,4750.0,4890.0,4990.0,4605.0,327148.0,신풍제약
1775,2016-01-21,4625.0,4720.0,4855.0,4600.0,256367.0,신풍제약
1774,2016-01-22,4700.0,4635.0,4755.0,4635.0,180377.0,신풍제약
1773,2016-01-25,4955.0,4760.0,4955.0,4735.0,394495.0,신풍제약
1772,2016-01-26,4980.0,4975.0,5600.0,4955.0,3565420.0,신풍제약
1771,2016-01-27,4850.0,5070.0,5080.0,4825.0,581322.0,신풍제약
1768,2016-01-28,4970.0,4830.0,4990.0,4765.0,372490.0,신풍제약
1767,2016-01-29,5150.0,4960.0,5440.0,4960.0,1502740.0,신풍제약
1766,2016-02-01,5450.0,5370.0,5900.0,5280.0,3313835.0,신풍제약
1765,2016-02-02,5170.0,5400.0,5440.0,5130.0,904245.0,신풍제약
1764,2016-02-03,5050.0,5180.0,5370.0,5050.0,586117.0,신풍제약
1760,2016-02-04,5000.0,5050.0,5120.0,4915.0,329887.0,신풍제약
1759,2016-02-05,4920.0,5030.0,5080.0,4920.0,221142.0,신풍제약
1758,2016-02-11,4620.0,4700.0,4805.0,4620.0,269958.0,신풍제약
1757,2016-02-12,4380.0,4540.0,4610.0,4165.0,512891.0,신풍제약
1756,2016-02-15,4435.0,4410.0,4525.0,4360.0,214162.0,신풍제약
1753,2016-02-16,4550.0,4455.0,4585.0,4455.0,158408.0,신풍제약
1752,2016-02-17,4450.0,4575.0,4580.0,4435.0,187380.0,신풍제약
1751,2016-02-18,4535.0,4485.0,4550.0,4480.0,162214.0,신풍제약
1750,2016-02-19,4510.0,4535.0,4535.0,4455.0,148642.0,신풍제약
1749,2016-02-22,4515.0,4525.0,4575.0,4450.0,128200.0,신풍제약
1745,2016-02-23,4490.0,4520.0,4555.0,4445.0,120763.0,신풍제약
1744,2016-02-24,4540.0,4450.0,4715.0,4445.0,120622.0,신풍제약
1743,2016-02-25,4510.0,4540.0,4580.0,4500.0,109153.0,신풍제약
1742,2016-02-26,4560.0,4510.0,4575.0,4510.0,98013.0,신풍제약
1741,2016-02-29,4550.0,4570.0,4590.0,4545.0,97330.0,신풍제약
1738,2016-03-02,4630.0,4590.0,4650.0,4495.0,125332.0,신풍제약
1737,2016-03-03,4660.0,4650.0,4690.0,4605.0,126847.0,신풍제약
1736,2016-03-04,4660.0,4640.0,4710.0,4635.0,104434.0,신풍제약
1735,2016-03-07,4640.0,4650.0,4700.0,4605.0,123549.0,신풍제약
1734,2016-03-08,4745.0,4660.0,4825.0,4600.0,243136.0,신풍제약
1730,2016-03-09,4880.0,4745.0,4880.0,4730.0,219464.0,신풍제약
1729,2016-03-10,4895.0,4880.0,5030.0,4875.0,175301.0,신풍제약
1728,2016-03-11,4775.0,4900.0,4950.0,4770.0,146070.0,신풍제약
1727,2016-03-14,4775.0,4780.0,4850.0,4760.0,120206.0,신풍제약
1726,2016-03-15,4750.0,4780.0,4840.0,4725.0,151712.0,신풍제약
1723,2016-03-16,4720.0,4750.0,4755.0,4670.0,128735.0,신풍제약
1722,2016-03-17,4910.0,4705.0,4915.0,4705.0,203792.0,신풍제약
1721,2016-03-18,4915.0,4915.0,4925.0,4850.0,84548.0,신풍제약
1720,2016-03-21,4790.0,4905.0,4925.0,4785.0,153715.0,신풍제약
1719,2016-03-22,4940.0,4810.0,5000.0,4800.0,440328.0,신풍제약
1715,2016-03-23,4920.0,4925.0,4995.0,4850.0,204511.0,신풍제약
1714,2016-03-24,4895.0,4945.0,4955.0,4850.0,122408.0,신풍제약
1713,2016-03-25,4900.0,4920.0,4985.0,4820.0,210626.0,신풍제약
1712,2016-03-28,4805.0,4850.0,4960.0,4805.0,166152.0,신풍제약
1711,2016-03-29,4795.0,4840.0,4855.0,4680.0,376694.0,신풍제약
1708,2016-03-30,4910.0,4805.0,4970.0,4795.0,204607.0,신풍제약
1707,2016-03-31,5080.0,4945.0,5140.0,4910.0,647721.0,신풍제약
1706,2016-04-01,5070.0,5080.0,5200.0,4995.0,347249.0,신풍제약
1705,2016-04-04,5290.0,5150.0,5340.0,5140.0,590266.0,신풍제약
1704,2016-04-05,5370.0,5330.0,5450.0,5200.0,380344.0,신풍제약
1700,2016-04-06,5620.0,5400.0,5700.0,5300.0,1719428.0,신풍제약
1699,2016-04-07,5680.0,5600.0,5740.0,5450.0,1155959.0,신풍제약
1698,2016-04-08,5700.0,5620.0,5970.0,5620.0,1173996.0,신풍제약
1697,2016-04-11,5670.0,5700.0,5750.0,5450.0,622143.0,신풍제약
1696,2016-04-12,5680.0,5680.0,5840.0,5630.0,356191.0,신풍제약
1693,2016-04-14,5740.0,5700.0,5860.0,5650.0,299104.0,신풍제약
1692,2016-04-15,5710.0,5770.0,5850.0,5650.0,289657.0,신풍제약
1691,2016-04-18,5630.0,5720.0,5760.0,5590.0,289470.0,신풍제약
1690,2016-04-19,5590.0,5660.0,5660.0,5560.0,214876.0,신풍제약
1689,2016-04-20,5570.0,5590.0,5670.0,5560.0,201627.0,신풍제약
1685,2016-04-21,5940.0,5610.0,6100.0,5570.0,980329.0,신풍제약
1684,2016-04-22,5860.0,5900.0,6050.0,5830.0,556986.0,신풍제약
1683,2016-04-25,6050.0,5860.0,6100.0,5830.0,620099.0,신풍제약
1682,2016-04-26,5970.0,6050.0,6150.0,5940.0,569979.0,신풍제약
1681,2016-04-27,5690.0,5980.0,6010.0,5690.0,533436.0,신풍제약
1678,2016-04-28,5710.0,5790.0,5900.0,5670.0,275807.0,신풍제약
1677,2016-04-29,6530.0,5710.0,7000.0,5710.0,1327022.0,신풍제약
1676,2016-05-02,7000.0,6690.0,8180.0,6610.0,7752743.0,신풍제약
1675,2016-05-03,7120.0,7200.0,7350.0,6710.0,2015877.0,신풍제약
1674,2016-05-04,7120.0,7060.0,7870.0,6920.0,2799948.0,신풍제약
1670,2016-05-09,9010.0,7280.0,9150.0,7120.0,11904966.0,신풍제약
1669,2016-05-10,8780.0,8820.0,8990.0,8650.0,1312211.0,신풍제약
1668,2016-05-11,8900.0,8780.0,8900.0,8600.0,1430768.0,신풍제약
1667,2016-05-12,9990.0,9190.0,9990.0,9150.0,1715565.0,신풍제약
1666,2016-05-13,9540.0,9700.0,10300.0,9220.0,2994139.0,신풍제약
1663,2016-05-16,8820.0,9400.0,9420.0,8610.0,2513849.0,신풍제약
1662,2016-05-17,9100.0,9020.0,9880.0,8910.0,3489434.0,신풍제약
1661,2016-05-18,10050.0,9200.0,11400.0,8920.0,11930266.0,신풍제약
1660,2016-05-19,10100.0,10500.0,11000.0,9880.0,4112691.0,신풍제약
1659,2016-05-20,10650.0,10750.0,12150.0,10400.0,8118519.0,신풍제약
1655,2016-05-23,11450.0,10900.0,11450.0,10650.0,2657699.0,신풍제약
1654,2016-05-24,11550.0,11200.0,11750.0,10950.0,2789821.0,신풍제약
1653,2016-05-25,9530.0,11900.0,12300.0,8920.0,4471531.0,신풍제약
1652,2016-05-26,9930.0,9460.0,10050.0,8940.0,2960643.0,신풍제약
1651,2016-05-27,9290.0,9970.0,9990.0,9120.0,1896299.0,신풍제약
1648,2016-05-30,8800.0,9440.0,9630.0,8770.0,1581739.0,신풍제약
1647,2016-05-31,8980.0,8770.0,9110.0,8620.0,1183093.0,신풍제약
1646,2016-06-01,9130.0,9280.0,9540.0,9030.0,1672508.0,신풍제약
1645,2016-06-02,9000.0,9250.0,9270.0,8900.0,1011504.0,신풍제약
1644,2016-06-03,8900.0,9140.0,9470.0,8850.0,1485161.0,신풍제약
1640,2016-06-07,9150.0,8940.0,9210.0,8780.0,711567.0,신풍제약
1639,2016-06-08,10150.0,9690.0,10750.0,9660.0,5178020.0,신풍제약
1638,2016-06-09,9840.0,10150.0,10250.0,9140.0,2098273.0,신풍제약
1637,2016-06-10,9100.0,9800.0,9800.0,9010.0,2177749.0,신풍제약
1636,2016-06-13,9120.0,9090.0,9410.0,8920.0,1020563.0,신풍제약
1633,2016-06-14,9120.0,9110.0,9260.0,8750.0,877624.0,신풍제약
1632,2016-06-15,9220.0,9120.0,9450.0,8950.0,910643.0,신풍제약
1631,2016-06-16,8810.0,9310.0,9390.0,8610.0,906424.0,신풍제약
1630,2016-06-17,8360.0,8820.0,8900.0,8150.0,994887.0,신풍제약
1629,2016-06-20,8550.0,8370.0,8600.0,8280.0,684980.0,신풍제약
1625,2016-06-21,8430.0,8530.0,8610.0,8370.0,449425.0,신풍제약
1624,2016-06-22,8000.0,8410.0,8420.0,7900.0,1038069.0,신풍제약
1623,2016-06-23,8030.0,8080.0,8170.0,7800.0,670805.0,신풍제약
1622,2016-06-24,7280.0,8100.0,8180.0,7180.0,1344732.0,신풍제약
1621,2016-06-27,7910.0,6810.0,8320.0,6810.0,2594538.0,신풍제약
1618,2016-06-28,7990.0,7800.0,8160.0,7600.0,723448.0,신풍제약
1617,2016-06-29,7970.0,8100.0,8160.0,7910.0,768488.0,신풍제약
1616,2016-06-30,8030.0,8100.0,8600.0,7950.0,1970408.0,신풍제약
1615,2016-07-01,8050.0,8110.0,8170.0,8050.0,369710.0,신풍제약
1614,2016-07-04,7980.0,8150.0,8150.0,7960.0,386515.0,신풍제약
1610,2016-07-05,8170.0,8070.0,8420.0,7920.0,778221.0,신풍제약
1609,2016-07-06,7930.0,8180.0,8220.0,7850.0,407522.0,신풍제약
1608,2016-07-07,8120.0,8000.0,8140.0,7890.0,429150.0,신풍제약
1607,2016-07-08,7890.0,8120.0,8160.0,7780.0,417799.0,신풍제약
1606,2016-07-11,7760.0,7920.0,7950.0,7720.0,342903.0,신풍제약
1603,2016-07-12,7750.0,7760.0,7890.0,7680.0,397975.0,신풍제약
1602,2016-07-13,7880.0,7850.0,8500.0,7800.0,2068698.0,신풍제약
1601,2016-07-14,7640.0,7890.0,7950.0,7600.0,498771.0,신풍제약
1600,2016-07-15,7350.0,7720.0,7740.0,7300.0,621439.0,신풍제약
1599,2016-07-18,7370.0,7310.0,7470.0,7250.0,247156.0,신풍제약
1595,2016-07-19,7350.0,7380.0,7490.0,7340.0,249091.0,신풍제약
1594,2016-07-20,7270.0,7370.0,7420.0,7240.0,278658.0,신풍제약
1593,2016-07-21,7180.0,7290.0,7340.0,7160.0,248144.0,신풍제약
1592,2016-07-22,7210.0,7200.0,7280.0,7090.0,159760.0,신풍제약
1591,2016-07-25,7210.0,7290.0,7640.0,7190.0,510764.0,신풍제약
1588,2016-07-26,7290.0,7210.0,7300.0,7170.0,175155.0,신풍제약
1587,2016-07-27,7190.0,7290.0,7350.0,7180.0,197572.0,신풍제약
1586,2016-07-28,7160.0,7140.0,7260.0,7100.0,203040.0,신풍제약
1585,2016-07-29,7220.0,7160.0,7400.0,7100.0,343142.0,신풍제약
1584,2016-08-01,7000.0,7260.0,7300.0,7000.0,321903.0,신풍제약
1580,2016-08-02,7010.0,7000.0,7200.0,6990.0,254342.0,신풍제약
1579,2016-08-03,6960.0,7000.0,7080.0,6880.0,303297.0,신풍제약
1578,2016-08-04,7070.0,6960.0,7180.0,6960.0,162844.0,신풍제약
1577,2016-08-05,7060.0,7110.0,7170.0,6970.0,172247.0,신풍제약
1576,2016-08-08,7030.0,7060.0,7090.0,6970.0,121166.0,신풍제약
1573,2016-08-09,7270.0,7090.0,7280.0,7050.0,309554.0,신풍제약
1572,2016-08-10,7480.0,7310.0,7550.0,7280.0,584586.0,신풍제약
1571,2016-08-11,7410.0,7570.0,7680.0,7390.0,370313.0,신풍제약
1570,2016-08-12,7400.0,7410.0,7470.0,7330.0,178943.0,신풍제약
1569,2016-08-16,7250.0,7360.0,7430.0,7230.0,136953.0,신풍제약
1565,2016-08-17,7100.0,7270.0,7320.0,7080.0,186087.0,신풍제약
1564,2016-08-18,7030.0,7110.0,7170.0,7020.0,181839.0,신풍제약
1563,2016-08-19,7060.0,7040.0,7160.0,7030.0,124488.0,신풍제약
1562,2016-08-22,7080.0,7130.0,7330.0,7070.0,217771.0,신풍제약
1561,2016-08-23,7850.0,7050.0,7880.0,7050.0,1896442.0,신풍제약
1558,2016-08-24,7560.0,7900.0,7900.0,7500.0,773953.0,신풍제약
1557,2016-08-25,7330.0,7530.0,7860.0,7330.0,828837.0,신풍제약
1556,2016-08-26,7240.0,7440.0,7450.0,7220.0,247158.0,신풍제약
1555,2016-08-29,6730.0,7150.0,7230.0,6670.0,776181.0,신풍제약
1554,2016-08-30,6690.0,6660.0,6960.0,6660.0,283771.0,신풍제약
1550,2016-08-31,6990.0,6710.0,6990.0,6670.0,476429.0,신풍제약
1549,2016-09-01,6960.0,7250.0,7620.0,6930.0,1019569.0,신풍제약
1548,2016-09-02,7070.0,6910.0,7090.0,6770.0,266449.0,신풍제약
1547,2016-09-05,7010.0,7090.0,7140.0,6950.0,241805.0,신풍제약
1546,2016-09-06,6920.0,7010.0,7060.0,6910.0,149858.0,신풍제약
1543,2016-09-07,7000.0,6980.0,7000.0,6880.0,135448.0,신풍제약
1542,2016-09-08,7320.0,7020.0,7450.0,6950.0,1029481.0,신풍제약
1541,2016-09-09,7050.0,7280.0,7290.0,7000.0,456675.0,신풍제약
1540,2016-09-12,6830.0,6910.0,6990.0,6810.0,328373.0,신풍제약
1539,2016-09-13,6870.0,6870.0,6930.0,6800.0,152544.0,신풍제약
1535,2016-09-19,7060.0,6910.0,7150.0,6910.0,220622.0,신풍제약
1534,2016-09-20,7270.0,7030.0,7330.0,7030.0,361337.0,신풍제약
1533,2016-09-21,7250.0,7320.0,7330.0,7130.0,191887.0,신풍제약
1532,2016-09-22,7340.0,7310.0,7390.0,7150.0,258082.0,신풍제약
1531,2016-09-23,7410.0,7350.0,7480.0,7310.0,260567.0,신풍제약
1528,2016-09-26,7260.0,7420.0,7450.0,7260.0,218247.0,신풍제약
1527,2016-09-27,7630.0,7230.0,7750.0,7160.0,762025.0,신풍제약
1526,2016-09-28,8200.0,7730.0,8330.0,7670.0,2791232.0,신풍제약
1525,2016-09-29,7930.0,8110.0,8180.0,7850.0,737140.0,신풍제약
1524,2016-09-30,7380.0,7900.0,7900.0,7350.0,851543.0,신풍제약
1520,2016-10-04,7260.0,7250.0,7510.0,6960.0,564387.0,신풍제약
1519,2016-10-05,7060.0,7230.0,7320.0,7000.0,359571.0,신풍제약
1518,2016-10-06,7080.0,7070.0,7170.0,7040.0,186192.0,신풍제약
1517,2016-10-07,6830.0,7070.0,7150.0,6770.0,392426.0,신풍제약
1516,2016-10-10,7010.0,6800.0,7060.0,6790.0,212665.0,신풍제약
1513,2016-10-11,6870.0,7000.0,7030.0,6860.0,198356.0,신풍제약
1512,2016-10-12,6870.0,6850.0,6930.0,6800.0,161228.0,신풍제약
1511,2016-10-13,6720.0,6890.0,6920.0,6600.0,271352.0,신풍제약
1510,2016-10-14,6700.0,6700.0,6940.0,6600.0,286680.0,신풍제약
1509,2016-10-17,6480.0,6660.0,6730.0,6470.0,248947.0,신풍제약
1505,2016-10-18,6480.0,6350.0,6530.0,6350.0,149202.0,신풍제약
1504,2016-10-19,6570.0,6440.0,6730.0,6440.0,187481.0,신풍제약
1503,2016-10-20,6310.0,6590.0,6680.0,6300.0,235520.0,신풍제약
1502,2016-10-21,6280.0,6230.0,6390.0,6230.0,118609.0,신풍제약
1501,2016-10-24,6340.0,6270.0,6460.0,6250.0,190304.0,신풍제약
1498,2016-10-25,6390.0,6300.0,6410.0,6240.0,176302.0,신풍제약
1497,2016-10-26,6210.0,6300.0,6410.0,6130.0,179565.0,신풍제약
1496,2016-10-27,6350.0,6210.0,6430.0,6160.0,88537.0,신풍제약
1495,2016-10-28,6250.0,6390.0,6390.0,6210.0,147592.0,신풍제약
1494,2016-10-31,6090.0,6210.0,6240.0,5860.0,287264.0,신풍제약
1490,2016-11-01,6060.0,5950.0,6170.0,5910.0,124546.0,신풍제약
1489,2016-11-02,5570.0,6030.0,6060.0,5550.0,342874.0,신풍제약
1488,2016-11-03,5610.0,5530.0,5780.0,5490.0,338986.0,신풍제약
1487,2016-11-04,5620.0,5590.0,5710.0,5540.0,115073.0,신풍제약
1486,2016-11-07,5820.0,5730.0,5820.0,5660.0,143419.0,신풍제약
1483,2016-11-08,5720.0,5850.0,5860.0,5700.0,103578.0,신풍제약
1482,2016-11-09,5250.0,5700.0,5770.0,5120.0,466283.0,신풍제약
1481,2016-11-10,5790.0,5460.0,5820.0,5410.0,294685.0,신풍제약
1480,2016-11-11,5960.0,5790.0,5990.0,5680.0,203021.0,신풍제약
1479,2016-11-14,5890.0,5920.0,5990.0,5860.0,100759.0,신풍제약
1475,2016-11-15,5790.0,5860.0,5930.0,5780.0,98792.0,신풍제약
1474,2016-11-16,5950.0,5840.0,6000.0,5800.0,149755.0,신풍제약
1473,2016-11-17,5990.0,5900.0,5990.0,5840.0,91723.0,신풍제약
1472,2016-11-18,5960.0,6020.0,6310.0,5940.0,344734.0,신풍제약
1471,2016-11-21,5750.0,5900.0,5930.0,5630.0,127013.0,신풍제약
1468,2016-11-22,5660.0,5750.0,5840.0,5640.0,81945.0,신풍제약
1467,2016-11-23,5430.0,5680.0,5680.0,5430.0,137231.0,신풍제약
1466,2016-11-24,5470.0,5430.0,5600.0,5390.0,88157.0,신풍제약
1465,2016-11-25,5490.0,5380.0,5580.0,5380.0,70028.0,신풍제약
1464,2016-11-28,5310.0,5500.0,5520.0,5310.0,86038.0,신풍제약
1460,2016-11-29,5350.0,5240.0,5750.0,5240.0,258687.0,신풍제약
1459,2016-11-30,5300.0,5350.0,5390.0,5300.0,68552.0,신풍제약
1458,2016-12-01,5230.0,5310.0,5350.0,5190.0,84817.0,신풍제약
1457,2016-12-02,5150.0,5200.0,5280.0,5130.0,111062.0,신풍제약
1456,2016-12-05,4975.0,5100.0,5110.0,4975.0,200785.0,신풍제약
1453,2016-12-06,5000.0,4990.0,5120.0,4985.0,131105.0,신풍제약
1452,2016-12-07,5010.0,5000.0,5080.0,4885.0,137999.0,신풍제약
1451,2016-12-08,5070.0,4995.0,5110.0,4990.0,75034.0,신풍제약
1450,2016-12-09,5170.0,5080.0,5210.0,5080.0,94873.0,신풍제약
1449,2016-12-12,5420.0,5200.0,5430.0,5200.0,127021.0,신풍제약
1445,2016-12-13,5460.0,5420.0,5580.0,5400.0,157083.0,신풍제약
1444,2016-12-14,5410.0,5550.0,5550.0,5400.0,93383.0,신풍제약
1443,2016-12-15,5750.0,5400.0,5760.0,5370.0,235601.0,신풍제약
1442,2016-12-16,5880.0,5750.0,5910.0,5710.0,166184.0,신풍제약
1441,2016-12-19,5800.0,5890.0,5920.0,5780.0,91187.0,신풍제약
1438,2016-12-20,5740.0,5870.0,5870.0,5650.0,135484.0,신풍제약
1437,2016-12-21,5670.0,5720.0,5790.0,5640.0,104663.0,신풍제약
1436,2016-12-22,5610.0,5700.0,5730.0,5580.0,56699.0,신풍제약
1435,2016-12-23,5650.0,5580.0,5730.0,5550.0,130738.0,신풍제약
1434,2016-12-26,5680.0,5700.0,5790.0,5560.0,144667.0,신풍제약
1430,2016-12-27,5650.0,5680.0,5690.0,5600.0,103119.0,신풍제약
1429,2016-12-28,5910.0,5690.0,5910.0,5610.0,155125.0,신풍제약
1428,2016-12-29,5950.0,5870.0,6020.0,5810.0,169204.0,신풍제약
1427,2017-01-02,6090.0,5870.0,6150.0,5870.0,139826.0,신풍제약
1426,2017-01-03,6100.0,6050.0,6100.0,6010.0,118003.0,신풍제약
1423,2017-01-04,6060.0,6100.0,6100.0,6020.0,106607.0,신풍제약
1422,2017-01-05,6220.0,6040.0,6250.0,6010.0,319223.0,신풍제약
1421,2017-01-06,6120.0,6190.0,6250.0,6060.0,175614.0,신풍제약
1420,2017-01-09,5950.0,6110.0,6110.0,5950.0,153156.0,신풍제약
1419,2017-01-10,5800.0,5940.0,5970.0,5800.0,157425.0,신풍제약
1415,2017-01-11,5700.0,5790.0,5860.0,5690.0,127424.0,신풍제약
1414,2017-01-12,5510.0,5670.0,5720.0,5420.0,259020.0,신풍제약
1413,2017-01-13,5550.0,5490.0,5640.0,5490.0,75557.0,신풍제약
1412,2017-01-16,5530.0,5600.0,5600.0,5480.0,56734.0,신풍제약
1411,2017-01-17,5460.0,5470.0,5550.0,5450.0,67386.0,신풍제약
1408,2017-01-18,5480.0,5450.0,5520.0,5400.0,48847.0,신풍제약
1407,2017-01-19,5460.0,5510.0,5540.0,5420.0,66674.0,신풍제약
1406,2017-01-20,5430.0,5490.0,5490.0,5410.0,44779.0,신풍제약
1405,2017-01-23,5270.0,5430.0,5440.0,5250.0,125943.0,신풍제약
1404,2017-01-24,5200.0,5250.0,5270.0,5180.0,56150.0,신풍제약
1400,2017-01-25,5200.0,5200.0,5280.0,5160.0,44619.0,신풍제약
1399,2017-01-26,5320.0,5210.0,5320.0,5170.0,149960.0,신풍제약
1398,2017-01-31,5480.0,5300.0,5520.0,5270.0,124204.0,신풍제약
1397,2017-02-01,5510.0,5470.0,5530.0,5430.0,53580.0,신풍제약
1396,2017-02-02,5370.0,5440.0,5510.0,5330.0,66674.0,신풍제약
1393,2017-02-03,5270.0,5370.0,5460.0,5270.0,74160.0,신풍제약
1392,2017-02-06,5350.0,5220.0,5400.0,5220.0,68778.0,신풍제약
1391,2017-02-07,5390.0,5310.0,5450.0,5310.0,61095.0,신풍제약
1390,2017-02-08,5500.0,5370.0,5500.0,5310.0,98879.0,신풍제약
1389,2017-02-09,5400.0,5480.0,5490.0,5380.0,67997.0,신풍제약
1385,2017-02-10,5420.0,5410.0,5450.0,5350.0,59540.0,신풍제약
1384,2017-02-13,5430.0,5370.0,5500.0,5370.0,55096.0,신풍제약
1383,2017-02-14,5370.0,5390.0,5430.0,5300.0,106732.0,신풍제약
1382,2017-02-15,5560.0,5340.0,5580.0,5340.0,154967.0,신풍제약
1381,2017-02-16,5550.0,5590.0,5620.0,5490.0,85255.0,신풍제약
1378,2017-02-17,5700.0,5530.0,5730.0,5530.0,121085.0,신풍제약
1377,2017-02-20,5720.0,5650.0,5790.0,5650.0,69689.0,신풍제약
1376,2017-02-21,5700.0,5670.0,5800.0,5670.0,88733.0,신풍제약
1375,2017-02-22,5680.0,5680.0,5760.0,5640.0,56986.0,신풍제약
1374,2017-02-23,5600.0,5680.0,5700.0,5570.0,69131.0,신풍제약
1370,2017-02-24,5690.0,5610.0,5760.0,5610.0,117507.0,신풍제약
1369,2017-02-27,5720.0,5690.0,5770.0,5690.0,74248.0,신풍제약
1368,2017-02-28,5720.0,5670.0,5740.0,5600.0,97052.0,신풍제약
1367,2017-03-02,5650.0,5730.0,5740.0,5600.0,65869.0,신풍제약
1366,2017-03-03,5410.0,5600.0,5650.0,5350.0,138689.0,신풍제약
1363,2017-03-06,5410.0,5390.0,5480.0,5320.0,53859.0,신풍제약
1362,2017-03-07,5350.0,5380.0,5440.0,5320.0,126055.0,신풍제약
1361,2017-03-08,5320.0,5300.0,5410.0,5280.0,104412.0,신풍제약
1360,2017-03-09,5320.0,5330.0,5390.0,5250.0,59130.0,신풍제약
1359,2017-03-10,5440.0,5320.0,5450.0,5240.0,103691.0,신풍제약
1355,2017-03-13,5400.0,5400.0,5460.0,5390.0,56197.0,신풍제약
1354,2017-03-14,5400.0,5370.0,5480.0,5370.0,49255.0,신풍제약
1353,2017-03-15,5400.0,5400.0,5450.0,5310.0,105613.0,신풍제약
1352,2017-03-16,5370.0,5380.0,5420.0,5340.0,51140.0,신풍제약
1351,2017-03-17,5390.0,5370.0,5390.0,5300.0,98046.0,신풍제약
1348,2017-03-20,5310.0,5390.0,5390.0,5300.0,63617.0,신풍제약
1347,2017-03-21,5270.0,5310.0,5350.0,5260.0,57914.0,신풍제약
1346,2017-03-22,5280.0,5250.0,5330.0,5250.0,44551.0,신풍제약
1345,2017-03-23,5300.0,5290.0,5330.0,5200.0,75498.0,신풍제약
1344,2017-03-24,5230.0,5310.0,5310.0,5210.0,76098.0,신풍제약
1340,2017-03-27,5540.0,5500.0,5720.0,5360.0,675698.0,신풍제약
1339,2017-03-28,5640.0,5540.0,5670.0,5500.0,125752.0,신풍제약
1338,2017-03-29,5710.0,5660.0,5900.0,5530.0,305715.0,신풍제약
1337,2017-03-30,5800.0,5740.0,5840.0,5730.0,119160.0,신풍제약
1336,2017-03-31,5800.0,5810.0,5850.0,5710.0,122482.0,신풍제약
1333,2017-04-03,5980.0,5800.0,6070.0,5780.0,151932.0,신풍제약
1332,2017-04-04,6030.0,6010.0,6090.0,5900.0,149956.0,신풍제약
1331,2017-04-05,5990.0,6020.0,6080.0,5960.0,103535.0,신풍제약
1330,2017-04-06,5910.0,5990.0,5990.0,5880.0,74736.0,신풍제약
1329,2017-04-07,6180.0,5900.0,6240.0,5900.0,197365.0,신풍제약
1325,2017-04-10,5990.0,6180.0,6200.0,5950.0,154399.0,신풍제약
1324,2017-04-11,5980.0,5990.0,6120.0,5970.0,76311.0,신풍제약
1323,2017-04-12,5930.0,5960.0,5990.0,5900.0,62385.0,신풍제약
1322,2017-04-13,5880.0,5890.0,6010.0,5870.0,67734.0,신풍제약
1321,2017-04-14,5820.0,5910.0,5970.0,5820.0,78024.0,신풍제약
1318,2017-04-17,5930.0,5830.0,5960.0,5770.0,67918.0,신풍제약
1317,2017-04-18,5930.0,5930.0,6010.0,5810.0,80164.0,신풍제약
1316,2017-04-19,6010.0,5950.0,6040.0,5910.0,78234.0,신풍제약
1315,2017-04-20,6050.0,6000.0,6070.0,5960.0,63761.0,신풍제약
1314,2017-04-21,6100.0,6150.0,6260.0,6090.0,174655.0,신풍제약
1310,2017-04-24,6780.0,6110.0,7510.0,6060.0,5601021.0,신풍제약
1309,2017-04-25,6970.0,6900.0,7260.0,6800.0,1360919.0,신풍제약
1308,2017-04-26,6850.0,7030.0,7040.0,6700.0,767530.0,신풍제약
1307,2017-04-27,6350.0,6600.0,6660.0,6300.0,824411.0,신풍제약
1306,2017-04-28,6320.0,6300.0,6440.0,6150.0,459912.0,신풍제약
1303,2017-05-02,6220.0,6320.0,6350.0,6220.0,191948.0,신풍제약
1302,2017-05-04,6290.0,6220.0,6370.0,6180.0,193041.0,신풍제약
1301,2017-05-08,6440.0,6290.0,6470.0,6290.0,283713.0,신풍제약
1300,2017-05-10,6350.0,6500.0,6500.0,6330.0,152598.0,신풍제약
1299,2017-05-11,6520.0,6330.0,6530.0,6330.0,211916.0,신풍제약
1295,2017-05-12,6490.0,6500.0,6530.0,6430.0,106226.0,신풍제약
1294,2017-05-15,6430.0,6460.0,6510.0,6370.0,94127.0,신풍제약
1293,2017-05-16,6320.0,6350.0,6450.0,6290.0,114328.0,신풍제약
1292,2017-05-17,6450.0,6330.0,6490.0,6330.0,95743.0,신풍제약
1291,2017-05-18,6340.0,6330.0,6410.0,6190.0,162811.0,신풍제약
1288,2017-05-19,6180.0,6320.0,6400.0,6150.0,170723.0,신풍제약
1287,2017-05-22,6030.0,6140.0,6200.0,5980.0,157916.0,신풍제약
1286,2017-05-23,6150.0,6070.0,6150.0,6030.0,60519.0,신풍제약
1285,2017-05-24,6320.0,6110.0,6350.0,6110.0,157426.0,신풍제약
1284,2017-05-25,6220.0,6320.0,6350.0,6210.0,74890.0,신풍제약
1280,2017-05-26,6260.0,6250.0,6300.0,6160.0,63869.0,신풍제약
1279,2017-05-29,6230.0,6300.0,6310.0,6170.0,74828.0,신풍제약
1278,2017-05-30,6340.0,6180.0,6370.0,6180.0,96569.0,신풍제약
1277,2017-05-31,6520.0,6360.0,6620.0,6340.0,324350.0,신풍제약
1276,2017-06-01,6510.0,6550.0,6580.0,6450.0,129899.0,신풍제약
1273,2017-06-02,6750.0,6570.0,7480.0,6450.0,3301992.0,신풍제약
1272,2017-06-05,7000.0,6750.0,7170.0,6700.0,1033430.0,신풍제약
1271,2017-06-07,7240.0,7300.0,7320.0,7070.0,938548.0,신풍제약
1270,2017-06-08,7110.0,7300.0,7380.0,7000.0,537599.0,신풍제약
1269,2017-06-09,7140.0,7110.0,7220.0,7030.0,279387.0,신풍제약
1265,2017-06-12,6970.0,7080.0,7140.0,6920.0,188116.0,신풍제약
1264,2017-06-13,7110.0,6910.0,7150.0,6890.0,179871.0,신풍제약
1263,2017-06-14,7060.0,7150.0,7210.0,7060.0,160714.0,신풍제약
1262,2017-06-15,6930.0,7060.0,7100.0,6860.0,206951.0,신풍제약
1261,2017-06-16,6820.0,6980.0,6980.0,6680.0,263127.0,신풍제약
1258,2017-06-19,6720.0,6830.0,6890.0,6680.0,176608.0,신풍제약
1257,2017-06-20,6580.0,6770.0,6790.0,6520.0,228243.0,신풍제약
1256,2017-06-21,6650.0,6580.0,6680.0,6560.0,134311.0,신풍제약
1255,2017-06-22,6530.0,6720.0,6720.0,6510.0,135951.0,신풍제약
1254,2017-06-23,6610.0,6530.0,6660.0,6510.0,61103.0,신풍제약
1250,2017-06-26,6570.0,6580.0,6750.0,6540.0,103846.0,신풍제약
1249,2017-06-27,6490.0,6520.0,6640.0,6490.0,90619.0,신풍제약
1248,2017-06-28,6400.0,6490.0,6520.0,6330.0,153124.0,신풍제약
1247,2017-06-29,6300.0,6400.0,6450.0,6260.0,114101.0,신풍제약
1246,2017-06-30,6440.0,6300.0,6480.0,6280.0,89374.0,신풍제약
1243,2017-07-03,6360.0,6490.0,6520.0,6360.0,71619.0,신풍제약
1242,2017-07-04,6310.0,6330.0,6420.0,6290.0,106099.0,신풍제약
1241,2017-07-05,6300.0,6290.0,6350.0,6270.0,48907.0,신풍제약
1240,2017-07-06,6320.0,6290.0,6400.0,6270.0,64745.0,신풍제약
1239,2017-07-07,6350.0,6320.0,6390.0,6200.0,89166.0,신풍제약
1235,2017-07-10,6170.0,6320.0,6320.0,6160.0,127446.0,신풍제약
1234,2017-07-11,6220.0,6140.0,6220.0,6140.0,56618.0,신풍제약
1233,2017-07-12,6070.0,6180.0,6210.0,6040.0,116472.0,신풍제약
1232,2017-07-13,6100.0,6080.0,6130.0,6000.0,83624.0,신풍제약
1231,2017-07-14,6120.0,6070.0,6120.0,6000.0,57715.0,신풍제약
1228,2017-07-17,6100.0,6100.0,6190.0,6100.0,39136.0,신풍제약
1227,2017-07-18,6100.0,6170.0,6170.0,6050.0,42477.0,신풍제약
1226,2017-07-19,6130.0,6100.0,6160.0,6080.0,52007.0,신풍제약
1225,2017-07-20,6260.0,6130.0,6260.0,6080.0,82163.0,신풍제약
1224,2017-07-21,6220.0,6230.0,6290.0,6180.0,73377.0,신풍제약
1220,2017-07-24,6170.0,6220.0,6300.0,6160.0,50097.0,신풍제약
1219,2017-07-25,6080.0,6170.0,6190.0,6070.0,98117.0,신풍제약
1218,2017-07-26,6040.0,6060.0,6150.0,6030.0,64824.0,신풍제약
1217,2017-07-27,5980.0,6060.0,6110.0,5920.0,63550.0,신풍제약
1216,2017-07-28,5820.0,5920.0,6010.0,5790.0,111312.0,신풍제약
1213,2017-07-31,5920.0,5820.0,5950.0,5780.0,60741.0,신풍제약
1212,2017-08-01,5950.0,5930.0,6030.0,5900.0,27262.0,신풍제약
1211,2017-08-02,5990.0,6000.0,6030.0,5960.0,45911.0,신풍제약
1210,2017-08-03,5910.0,5950.0,6030.0,5640.0,40200.0,신풍제약
1209,2017-08-04,5950.0,5900.0,5980.0,5800.0,67023.0,신풍제약
1205,2017-08-07,6090.0,5950.0,6090.0,5930.0,51112.0,신풍제약
1204,2017-08-08,6030.0,6130.0,6180.0,6020.0,34781.0,신풍제약
1203,2017-08-09,5940.0,6060.0,6060.0,5930.0,39577.0,신풍제약
1202,2017-08-10,5970.0,5920.0,6360.0,5920.0,199438.0,신풍제약
1201,2017-08-11,5810.0,5910.0,5950.0,5750.0,112953.0,신풍제약
1198,2017-08-14,5750.0,5730.0,5870.0,5700.0,54755.0,신풍제약
1197,2017-08-16,5850.0,5760.0,5940.0,5760.0,36410.0,신풍제약
1196,2017-08-17,5860.0,5850.0,5920.0,5790.0,35231.0,신풍제약
1195,2017-08-18,5860.0,5860.0,5870.0,5770.0,25400.0,신풍제약
1194,2017-08-21,5850.0,5860.0,5900.0,5810.0,47658.0,신풍제약
1190,2017-08-22,5920.0,5850.0,5950.0,5850.0,28159.0,신풍제약
1189,2017-08-23,5850.0,5870.0,5920.0,5830.0,70289.0,신풍제약
1188,2017-08-24,5900.0,5910.0,5940.0,5850.0,17104.0,신풍제약
1187,2017-08-25,5960.0,5900.0,6090.0,5900.0,53285.0,신풍제약
1186,2017-08-28,6270.0,5970.0,6310.0,5970.0,172149.0,신풍제약
1183,2017-08-29,6430.0,6270.0,6430.0,6200.0,182858.0,신풍제약
1182,2017-08-30,6320.0,6380.0,6440.0,6310.0,117568.0,신풍제약
1181,2017-08-31,6310.0,6400.0,6410.0,6240.0,73873.0,신풍제약
1180,2017-09-01,6380.0,6360.0,6460.0,6320.0,114359.0,신풍제약
1179,2017-09-04,6440.0,6180.0,6460.0,6140.0,124380.0,신풍제약
1175,2017-09-05,6380.0,6440.0,6490.0,6300.0,68600.0,신풍제약
1174,2017-09-06,6340.0,6310.0,6450.0,6310.0,61673.0,신풍제약
1173,2017-09-07,6330.0,6350.0,6450.0,6300.0,85706.0,신풍제약
1172,2017-09-08,6290.0,6330.0,6390.0,6260.0,55937.0,신풍제약
1171,2017-09-11,6330.0,6270.0,6370.0,6250.0,59294.0,신풍제약
1168,2017-09-12,6420.0,6360.0,6620.0,6250.0,167194.0,신풍제약
1167,2017-09-13,6400.0,6430.0,6470.0,6340.0,58597.0,신풍제약
1166,2017-09-14,6440.0,6440.0,6470.0,6350.0,62357.0,신풍제약
1165,2017-09-15,6620.0,6430.0,6780.0,6390.0,422943.0,신풍제약
1164,2017-09-18,6650.0,6620.0,6790.0,6560.0,131318.0,신풍제약
1160,2017-09-19,6630.0,6650.0,6730.0,6570.0,68728.0,신풍제약
1159,2017-09-20,6660.0,6650.0,6750.0,6550.0,179450.0,신풍제약
1158,2017-09-21,6590.0,6710.0,6750.0,6490.0,164991.0,신풍제약
1157,2017-09-22,6330.0,6590.0,6600.0,6250.0,154444.0,신풍제약
1156,2017-09-25,6150.0,6350.0,6470.0,6100.0,90369.0,신풍제약
1153,2017-09-26,6150.0,6030.0,6250.0,6030.0,79190.0,신풍제약
1152,2017-09-27,6190.0,6170.0,6420.0,6150.0,117762.0,신풍제약
1151,2017-09-28,6180.0,6190.0,6250.0,6120.0,36689.0,신풍제약
1150,2017-09-29,6190.0,6140.0,6220.0,6130.0,43109.0,신풍제약
1149,2017-10-10,6140.0,6170.0,6240.0,6140.0,63132.0,신풍제약
1145,2017-10-11,6330.0,6140.0,6420.0,6140.0,68803.0,신풍제약
1144,2017-10-12,6290.0,6330.0,6360.0,6210.0,35747.0,신풍제약
1143,2017-10-13,6330.0,6290.0,6490.0,6280.0,92120.0,신풍제약
1142,2017-10-16,6200.0,6330.0,6370.0,6180.0,51254.0,신풍제약
1141,2017-10-17,6250.0,6210.0,6340.0,6150.0,68568.0,신풍제약
1138,2017-10-18,6210.0,6250.0,6330.0,6180.0,36344.0,신풍제약
1137,2017-10-19,6170.0,6260.0,6260.0,6080.0,94447.0,신풍제약
1136,2017-10-20,6120.0,6170.0,6170.0,6040.0,93279.0,신풍제약
1135,2017-10-23,6050.0,6080.0,6160.0,6040.0,74443.0,신풍제약
1134,2017-10-24,6130.0,6050.0,6150.0,6040.0,54836.0,신풍제약
1130,2017-10-25,6140.0,6090.0,6160.0,6050.0,80539.0,신풍제약
1129,2017-10-26,6050.0,6160.0,6160.0,6040.0,73932.0,신풍제약
1128,2017-10-27,6060.0,6080.0,6110.0,6040.0,46587.0,신풍제약
1127,2017-10-30,6100.0,6130.0,6130.0,6050.0,56612.0,신풍제약
1126,2017-10-31,6120.0,6070.0,6130.0,6070.0,44012.0,신풍제약
1123,2017-11-01,6380.0,6140.0,6410.0,6110.0,218365.0,신풍제약
1122,2017-11-02,6360.0,6400.0,6560.0,6300.0,122179.0,신풍제약
1121,2017-11-03,6450.0,6320.0,6520.0,6280.0,102156.0,신풍제약
1120,2017-11-06,6550.0,6560.0,6560.0,6440.0,75450.0,신풍제약
1119,2017-11-07,6450.0,6520.0,6570.0,6410.0,74337.0,신풍제약
1115,2017-11-08,6550.0,6380.0,6620.0,6380.0,157565.0,신풍제약
1114,2017-11-09,7570.0,6560.0,8220.0,6560.0,8236195.0,신풍제약
1113,2017-11-10,7110.0,7500.0,7750.0,6980.0,2706796.0,신풍제약
1112,2017-11-13,7150.0,7160.0,7270.0,6980.0,924733.0,신풍제약
1111,2017-11-14,7340.0,7180.0,7340.0,7130.0,1026261.0,신풍제약
1108,2017-11-15,7140.0,7350.0,7450.0,7110.0,1290382.0,신풍제약
1107,2017-11-16,7300.0,7130.0,7300.0,6920.0,619613.0,신풍제약
1106,2017-11-17,7170.0,7340.0,8200.0,7170.0,6437108.0,신풍제약
1105,2017-11-20,7630.0,7150.0,8120.0,7000.0,3120891.0,신풍제약
1104,2017-11-21,7570.0,7660.0,8040.0,7490.0,2090298.0,신풍제약
1100,2017-11-22,7300.0,7610.0,7740.0,7280.0,864262.0,신풍제약
1099,2017-11-23,7590.0,7300.0,7630.0,7160.0,546697.0,신풍제약
1098,2017-11-24,7450.0,7630.0,7630.0,7350.0,347628.0,신풍제약
1097,2017-11-27,7650.0,7400.0,7790.0,7400.0,641077.0,신풍제약
1096,2017-11-28,7460.0,7650.0,7840.0,7450.0,470172.0,신풍제약
1093,2017-11-29,7480.0,7460.0,7640.0,7430.0,240170.0,신풍제약
1092,2017-11-30,7580.0,7460.0,7700.0,7340.0,417839.0,신풍제약
1091,2017-12-01,7800.0,7580.0,7960.0,7580.0,1052475.0,신풍제약
1090,2017-12-04,7800.0,7840.0,7950.0,7690.0,488426.0,신풍제약
1089,2017-12-05,7780.0,7800.0,7860.0,7590.0,405795.0,신풍제약
1085,2017-12-06,7510.0,7770.0,7820.0,7450.0,448792.0,신풍제약
1084,2017-12-07,7190.0,7460.0,7570.0,7100.0,541086.0,신풍제약
1083,2017-12-08,7170.0,7160.0,7570.0,7110.0,440104.0,신풍제약
1082,2017-12-11,7470.0,7150.0,7480.0,7140.0,214007.0,신풍제약
1081,2017-12-12,7240.0,7490.0,7530.0,7210.0,182288.0,신풍제약
1078,2017-12-13,7500.0,7330.0,7500.0,7250.0,215928.0,신풍제약
1077,2017-12-14,7430.0,7510.0,7590.0,7390.0,204572.0,신풍제약
1076,2017-12-15,7400.0,7490.0,7530.0,7320.0,327051.0,신풍제약
1075,2017-12-18,7260.0,7430.0,7450.0,7260.0,183623.0,신풍제약
1074,2017-12-19,7060.0,7270.0,7330.0,6900.0,394392.0,신풍제약
1070,2017-12-20,7020.0,7060.0,7240.0,7000.0,161863.0,신풍제약
1069,2017-12-21,6960.0,6990.0,7110.0,6960.0,122291.0,신풍제약
1068,2017-12-22,7100.0,6900.0,7130.0,6900.0,116783.0,신풍제약
1067,2017-12-26,7200.0,7100.0,7400.0,7070.0,237355.0,신풍제약
1066,2017-12-27,7440.0,7270.0,7450.0,7200.0,215241.0,신풍제약
1063,2017-12-28,7690.0,7450.0,7690.0,7440.0,285052.0,신풍제약
1062,2018-01-02,7950.0,7730.0,7950.0,7690.0,449582.0,신풍제약
1061,2018-01-03,8540.0,8060.0,8880.0,7960.0,2617845.0,신풍제약
1060,2018-01-04,8440.0,8600.0,8840.0,8060.0,758329.0,신풍제약
1059,2018-01-05,8940.0,8450.0,8980.0,8450.0,647279.0,신풍제약
1055,2018-01-08,8800.0,9030.0,9390.0,8780.0,767722.0,신풍제약
1054,2018-01-09,8360.0,8800.0,8870.0,7930.0,586124.0,신풍제약
1053,2018-01-10,8510.0,8410.0,8620.0,8220.0,327143.0,신풍제약
1052,2018-01-11,9080.0,8520.0,9180.0,8390.0,672258.0,신풍제약
1051,2018-01-12,9000.0,9110.0,9260.0,8810.0,583578.0,신풍제약
1048,2018-01-15,8840.0,9000.0,9070.0,8720.0,398565.0,신풍제약
1047,2018-01-16,8720.0,8840.0,8950.0,8600.0,385853.0,신풍제약
1046,2018-01-17,8410.0,8700.0,8700.0,8350.0,306385.0,신풍제약
1045,2018-01-18,8940.0,8410.0,8940.0,8280.0,512695.0,신풍제약
1044,2018-01-19,8690.0,9030.0,9150.0,8640.0,519028.0,신풍제약
1040,2018-01-22,8670.0,8730.0,8800.0,8400.0,177144.0,신풍제약
1039,2018-01-23,9000.0,8690.0,9010.0,8550.0,766796.0,신풍제약
1038,2018-01-24,8770.0,9060.0,9100.0,8630.0,1353094.0,신풍제약
1037,2018-01-25,8700.0,8780.0,8860.0,8580.0,349479.0,신풍제약
1036,2018-01-26,9140.0,8730.0,9210.0,8590.0,891678.0,신풍제약
1033,2018-01-29,9040.0,9230.0,9280.0,8990.0,537593.0,신풍제약
1032,2018-01-30,8900.0,9060.0,9250.0,8820.0,417035.0,신풍제약
1031,2018-01-31,8590.0,8760.0,8900.0,8430.0,491051.0,신풍제약
1030,2018-02-01,8460.0,8680.0,8700.0,8300.0,508100.0,신풍제약
1029,2018-02-02,8880.0,8600.0,8940.0,8310.0,764237.0,신풍제약
1025,2018-02-05,8450.0,8760.0,10100.0,8400.0,5357089.0,신풍제약
1024,2018-02-06,8110.0,7850.0,8240.0,7650.0,1191030.0,신풍제약
1023,2018-02-07,8160.0,8290.0,9050.0,8150.0,1482163.0,신풍제약
1022,2018-02-08,8200.0,8030.0,8470.0,7960.0,714690.0,신풍제약
1021,2018-02-09,8200.0,7970.0,8590.0,7960.0,797882.0,신풍제약
1018,2018-02-12,8850.0,8360.0,9440.0,8330.0,2929934.0,신풍제약
1017,2018-02-13,8420.0,9070.0,9730.0,8400.0,3634690.0,신풍제약
1016,2018-02-14,8760.0,8450.0,8920.0,8350.0,779625.0,신풍제약
1015,2018-02-19,8800.0,8840.0,9040.0,8680.0,650247.0,신풍제약
1014,2018-02-20,9390.0,8800.0,9630.0,8720.0,5188066.0,신풍제약
1010,2018-02-21,9550.0,9160.0,9550.0,8980.0,2373925.0,신풍제약
1009,2018-02-22,9130.0,9460.0,9570.0,9100.0,1103728.0,신풍제약
1008,2018-02-23,9160.0,9140.0,9280.0,8910.0,689466.0,신풍제약
1007,2018-02-26,8930.0,9210.0,9230.0,8930.0,546576.0,신풍제약
1006,2018-02-27,8930.0,8890.0,9140.0,8850.0,406864.0,신풍제약
1003,2018-02-28,8600.0,8870.0,8980.0,8440.0,697975.0,신풍제약
1002,2018-03-02,8870.0,8450.0,8990.0,8420.0,317018.0,신풍제약
1001,2018-03-05,8580.0,8870.0,8950.0,8500.0,272362.0,신풍제약
1000,2018-03-06,8700.0,8610.0,8730.0,8520.0,226136.0,신풍제약
999,2018-03-07,8660.0,8690.0,8910.0,8510.0,355189.0,신풍제약
995,2018-03-08,8750.0,8610.0,8750.0,8540.0,375477.0,신풍제약
994,2018-03-09,8790.0,8750.0,8980.0,8710.0,433644.0,신풍제약
993,2018-03-12,9270.0,8860.0,9500.0,8770.0,1887643.0,신풍제약
992,2018-03-13,9400.0,9330.0,9440.0,9150.0,685231.0,신풍제약
991,2018-03-14,9250.0,9330.0,9430.0,9100.0,690103.0,신풍제약
988,2018-03-15,9960.0,9250.0,9980.0,9220.0,2934240.0,신풍제약
987,2018-03-16,9900.0,9900.0,9970.0,9650.0,939895.0,신풍제약
986,2018-03-19,9380.0,9840.0,9880.0,9320.0,1147604.0,신풍제약
985,2018-03-20,9400.0,9250.0,9490.0,9240.0,337246.0,신풍제약
984,2018-03-21,9130.0,9400.0,9550.0,9110.0,806265.0,신풍제약
980,2018-03-22,8860.0,8980.0,9190.0,8790.0,1082389.0,신풍제약
979,2018-03-23,8150.0,8600.0,8600.0,7950.0,1469892.0,신풍제약
978,2018-03-26,8100.0,8000.0,8200.0,7820.0,780952.0,신풍제약
977,2018-03-27,8140.0,8250.0,8360.0,8120.0,489540.0,신풍제약
976,2018-03-28,8160.0,8000.0,8280.0,8000.0,540720.0,신풍제약
973,2018-03-29,8480.0,8270.0,8620.0,8190.0,563718.0,신풍제약
972,2018-03-30,8530.0,8530.0,8650.0,8430.0,344581.0,신풍제약
971,2018-04-02,8850.0,8770.0,9280.0,8610.0,961804.0,신풍제약
970,2018-04-03,8870.0,8700.0,8970.0,8700.0,304124.0,신풍제약
969,2018-04-04,9190.0,9000.0,9290.0,8790.0,876382.0,신풍제약
965,2018-04-05,9110.0,9210.0,9220.0,8960.0,369057.0,신풍제약
964,2018-04-06,8780.0,9160.0,9250.0,8780.0,497348.0,신풍제약
963,2018-04-09,9290.0,8750.0,9400.0,8750.0,830990.0,신풍제약
962,2018-04-10,9420.0,9320.0,9460.0,9090.0,636753.0,신풍제약
961,2018-04-11,11100.0,9500.0,11850.0,9370.0,7739495.0,신풍제약
958,2018-04-12,11300.0,11150.0,12750.0,10750.0,7790239.0,신풍제약
957,2018-04-13,11800.0,11100.0,12000.0,11100.0,2884073.0,신풍제약
956,2018-04-16,11500.0,11600.0,12050.0,11250.0,1815516.0,신풍제약
955,2018-04-17,11750.0,11550.0,12200.0,11150.0,2297930.0,신풍제약
954,2018-04-18,10850.0,11650.0,11750.0,10650.0,1630860.0,신풍제약
950,2018-04-19,10300.0,10800.0,10900.0,10200.0,1359521.0,신풍제약
949,2018-04-20,10450.0,10350.0,10750.0,9980.0,973566.0,신풍제약
948,2018-04-23,10400.0,10300.0,10500.0,10050.0,490942.0,신풍제약
947,2018-04-24,10100.0,10450.0,10800.0,10100.0,579986.0,신풍제약
946,2018-04-25,10050.0,9970.0,10200.0,9760.0,504262.0,신풍제약
943,2018-04-26,9970.0,10150.0,10250.0,9970.0,312619.0,신풍제약
942,2018-04-27,9800.0,10050.0,10100.0,9640.0,478573.0,신풍제약
941,2018-04-30,10350.0,9860.0,10450.0,9580.0,877743.0,신풍제약
940,2018-05-02,10050.0,10150.0,10500.0,9770.0,752986.0,신풍제약
939,2018-05-03,9830.0,10300.0,10300.0,9810.0,423024.0,신풍제약
935,2018-05-04,10700.0,9820.0,11000.0,9790.0,1863145.0,신풍제약
934,2018-05-08,10600.0,10650.0,11000.0,10500.0,961180.0,신풍제약
933,2018-05-09,10400.0,10750.0,10750.0,9990.0,710931.0,신풍제약
932,2018-05-10,10700.0,10600.0,10850.0,10300.0,586500.0,신풍제약
931,2018-05-11,11000.0,10700.0,11000.0,10500.0,710269.0,신풍제약
928,2018-05-14,11150.0,11000.0,11150.0,10750.0,862754.0,신풍제약
927,2018-05-15,10600.0,11100.0,11100.0,10350.0,841688.0,신풍제약
926,2018-05-16,10850.0,10150.0,11350.0,9990.0,1748233.0,신풍제약
925,2018-05-17,10900.0,11000.0,11100.0,10650.0,788632.0,신풍제약
924,2018-05-18,10100.0,11700.0,11700.0,9990.0,3718064.0,신풍제약
920,2018-05-21,9480.0,9980.0,10250.0,9480.0,1458161.0,신풍제약
919,2018-05-23,8780.0,9480.0,9600.0,8770.0,1426735.0,신풍제약
918,2018-05-24,8340.0,8710.0,8920.0,8260.0,1494535.0,신풍제약
917,2018-05-25,8290.0,8300.0,8560.0,8200.0,1005176.0,신풍제약
916,2018-05-28,8350.0,8300.0,8590.0,8250.0,857297.0,신풍제약
913,2018-05-29,8570.0,8420.0,8860.0,8380.0,923694.0,신풍제약
912,2018-05-30,8380.0,8570.0,8670.0,8370.0,443183.0,신풍제약
911,2018-05-31,8210.0,8410.0,8500.0,8210.0,384157.0,신풍제약
910,2018-06-01,8590.0,8260.0,8660.0,8180.0,522111.0,신풍제약
909,2018-06-04,8460.0,8640.0,8680.0,8400.0,315935.0,신풍제약
905,2018-06-05,8480.0,8460.0,8640.0,8320.0,463198.0,신풍제약
904,2018-06-07,8910.0,8550.0,8950.0,8340.0,1219139.0,신풍제약
903,2018-06-08,8600.0,8800.0,8800.0,8600.0,512055.0,신풍제약
902,2018-06-11,8480.0,8790.0,8790.0,8460.0,319702.0,신풍제약
901,2018-06-12,8480.0,8500.0,8760.0,8410.0,566217.0,신풍제약
898,2018-06-14,8160.0,8350.0,8470.0,8150.0,417731.0,신풍제약
897,2018-06-15,8180.0,8230.0,8460.0,8150.0,356621.0,신풍제약
896,2018-06-18,7980.0,8390.0,8550.0,7870.0,596831.0,신풍제약
895,2018-06-19,7450.0,7900.0,8090.0,7450.0,627467.0,신풍제약
894,2018-06-20,7710.0,7450.0,7910.0,7400.0,531221.0,신풍제약
890,2018-06-21,7610.0,7710.0,7830.0,7610.0,243730.0,신풍제약
889,2018-06-22,7540.0,7590.0,7670.0,7350.0,264324.0,신풍제약
888,2018-06-25,7660.0,7490.0,7680.0,7450.0,161308.0,신풍제약
887,2018-06-26,7780.0,7560.0,7850.0,7450.0,290966.0,신풍제약
886,2018-06-27,7550.0,7780.0,7780.0,7420.0,389025.0,신풍제약
883,2018-06-28,7100.0,7390.0,7510.0,7100.0,329513.0,신풍제약
882,2018-06-29,7090.0,7050.0,7230.0,6980.0,314018.0,신풍제약
881,2018-07-02,6740.0,7050.0,7250.0,6740.0,381402.0,신풍제약
880,2018-07-03,7100.0,6620.0,7380.0,6620.0,698392.0,신풍제약
879,2018-07-04,7150.0,7110.0,7160.0,6910.0,138374.0,신풍제약
875,2018-07-05,6890.0,7100.0,7160.0,6740.0,264070.0,신풍제약
874,2018-07-06,7010.0,6960.0,7030.0,6660.0,276163.0,신풍제약
873,2018-07-09,7040.0,7250.0,7460.0,7010.0,655679.0,신풍제약
872,2018-07-10,7200.0,7050.0,7250.0,7050.0,335761.0,신풍제약
871,2018-07-11,7030.0,7250.0,7250.0,6960.0,201724.0,신풍제약
868,2018-07-12,7150.0,7080.0,7180.0,6980.0,142321.0,신풍제약
867,2018-07-13,7240.0,7190.0,7240.0,7100.0,143554.0,신풍제약
866,2018-07-16,7200.0,7260.0,7260.0,7160.0,106778.0,신풍제약
865,2018-07-17,7170.0,7200.0,7290.0,7130.0,132915.0,신풍제약
864,2018-07-18,7020.0,7180.0,7200.0,7020.0,147129.0,신풍제약
860,2018-07-19,6810.0,7000.0,7110.0,6810.0,167067.0,신풍제약
859,2018-07-20,6790.0,6770.0,7000.0,6770.0,87129.0,신풍제약
858,2018-07-23,6410.0,6740.0,6850.0,6400.0,318384.0,신풍제약
857,2018-07-24,6530.0,6350.0,6700.0,6350.0,235786.0,신풍제약
856,2018-07-25,6250.0,6470.0,6580.0,6240.0,256124.0,신풍제약
853,2018-07-26,6530.0,6290.0,6530.0,6190.0,173757.0,신풍제약
852,2018-07-27,6640.0,6520.0,6720.0,6460.0,124029.0,신풍제약
851,2018-07-30,6710.0,6710.0,7440.0,6710.0,2394132.0,신풍제약
850,2018-07-31,6850.0,6730.0,6930.0,6690.0,372039.0,신풍제약
849,2018-08-01,6880.0,6820.0,7010.0,6800.0,301657.0,신풍제약
845,2018-08-02,6820.0,6880.0,6930.0,6770.0,125637.0,신풍제약
844,2018-08-03,6900.0,6830.0,6990.0,6830.0,162748.0,신풍제약
843,2018-08-06,7140.0,6950.0,7140.0,6850.0,391657.0,신풍제약
842,2018-08-07,7200.0,7400.0,7990.0,7170.0,5368456.0,신풍제약
841,2018-08-08,7180.0,7180.0,7310.0,7050.0,702043.0,신풍제약
838,2018-08-09,7060.0,7320.0,7340.0,7060.0,470908.0,신풍제약
837,2018-08-10,7080.0,7030.0,7170.0,6990.0,267752.0,신풍제약
836,2018-08-13,6720.0,7090.0,7090.0,6660.0,407039.0,신풍제약
835,2018-08-14,6810.0,6720.0,6860.0,6680.0,189646.0,신풍제약
834,2018-08-16,6620.0,6680.0,6700.0,6490.0,293643.0,신풍제약
830,2018-08-17,7010.0,6630.0,7100.0,6630.0,568877.0,신풍제약
829,2018-08-20,7100.0,7020.0,7110.0,6920.0,286662.0,신풍제약
828,2018-08-21,7310.0,7110.0,7500.0,7090.0,1521881.0,신풍제약
827,2018-08-22,7190.0,7320.0,7330.0,7170.0,258927.0,신풍제약
826,2018-08-23,7350.0,7250.0,7370.0,7210.0,364497.0,신풍제약
823,2018-08-24,7450.0,7350.0,7480.0,7250.0,416075.0,신풍제약
822,2018-08-27,7520.0,7530.0,7570.0,7350.0,550880.0,신풍제약
821,2018-08-28,7530.0,7510.0,7700.0,7510.0,653534.0,신풍제약
820,2018-08-29,7410.0,7550.0,7580.0,7410.0,279942.0,신풍제약
819,2018-08-30,7390.0,7410.0,7500.0,7370.0,184515.0,신풍제약
815,2018-08-31,7620.0,7360.0,7690.0,7360.0,519399.0,신풍제약
814,2018-09-03,7670.0,7650.0,7690.0,7450.0,523982.0,신풍제약
813,2018-09-04,7720.0,7680.0,7840.0,7600.0,703526.0,신풍제약
812,2018-09-05,7720.0,7730.0,7910.0,7660.0,486038.0,신풍제약
811,2018-09-06,7600.0,7720.0,7780.0,7500.0,319939.0,신풍제약
808,2018-09-07,7570.0,7660.0,7660.0,7460.0,174525.0,신풍제약
807,2018-09-10,7740.0,7700.0,7840.0,7590.0,755262.0,신풍제약
806,2018-09-11,7760.0,7710.0,7820.0,7620.0,263210.0,신풍제약
805,2018-09-12,7950.0,7810.0,8080.0,7710.0,1110153.0,신풍제약
804,2018-09-13,8010.0,7920.0,8050.0,7790.0,674417.0,신풍제약
800,2018-09-14,7930.0,8000.0,8050.0,7910.0,364847.0,신풍제약
799,2018-09-17,7740.0,7930.0,7980.0,7730.0,305287.0,신풍제약
798,2018-09-18,7820.0,7710.0,7980.0,7660.0,291451.0,신풍제약
797,2018-09-19,8030.0,7850.0,8240.0,7750.0,926306.0,신풍제약
796,2018-09-20,8120.0,8000.0,8280.0,7920.0,814915.0,신풍제약
793,2018-09-21,8060.0,8350.0,8480.0,8050.0,720814.0,신풍제약
792,2018-09-27,8280.0,8060.0,8290.0,8060.0,427869.0,신풍제약
791,2018-09-28,8540.0,8380.0,8600.0,8270.0,1128890.0,신풍제약
790,2018-10-01,9150.0,9570.0,10600.0,9010.0,24116130.0,신풍제약
789,2018-10-02,8630.0,9250.0,9450.0,8580.0,4871591.0,신풍제약
785,2018-10-04,8220.0,8910.0,8920.0,8220.0,2297480.0,신풍제약
784,2018-10-05,7860.0,8100.0,8270.0,7830.0,1770981.0,신풍제약
783,2018-10-08,7530.0,7730.0,7900.0,7530.0,934794.0,신풍제약
782,2018-10-10,7360.0,7560.0,7680.0,7360.0,818328.0,신풍제약
781,2018-10-11,6880.0,7050.0,7230.0,6870.0,1131355.0,신풍제약
778,2018-10-12,7110.0,6850.0,7190.0,6800.0,591709.0,신풍제약
777,2018-10-15,6940.0,7190.0,7190.0,6930.0,471769.0,신풍제약
776,2018-10-16,7250.0,6970.0,7360.0,6970.0,623264.0,신풍제약
775,2018-10-17,7410.0,7360.0,7420.0,7210.0,545770.0,신풍제약
774,2018-10-18,7500.0,7410.0,7540.0,7260.0,614780.0,신풍제약
770,2018-10-19,7590.0,7360.0,7680.0,7350.0,484334.0,신풍제약
769,2018-10-22,7710.0,7530.0,7800.0,7510.0,518361.0,신풍제약
768,2018-10-23,7290.0,7660.0,7660.0,7280.0,446768.0,신풍제약
767,2018-10-24,7150.0,7340.0,7500.0,7130.0,471328.0,신풍제약
766,2018-10-25,7010.0,6900.0,7190.0,6830.0,457313.0,신풍제약
763,2018-10-26,6640.0,7200.0,7200.0,6640.0,501619.0,신풍제약
762,2018-10-29,6100.0,6520.0,6800.0,6080.0,593283.0,신풍제약
761,2018-10-30,6390.0,5910.0,6420.0,5910.0,608259.0,신풍제약
760,2018-10-31,6430.0,6440.0,6480.0,6290.0,232832.0,신풍제약
759,2018-11-01,6540.0,6600.0,6850.0,6530.0,493192.0,신풍제약
755,2018-11-02,6820.0,6650.0,6900.0,6610.0,280496.0,신풍제약
754,2018-11-05,7180.0,7000.0,7350.0,6770.0,1267878.0,신풍제약
753,2018-11-06,7360.0,7240.0,7430.0,7070.0,800483.0,신풍제약
752,2018-11-07,7230.0,7400.0,7540.0,7010.0,814384.0,신풍제약
751,2018-11-08,7230.0,7370.0,7400.0,7220.0,298833.0,신풍제약
748,2018-11-09,7110.0,7250.0,7260.0,7050.0,238756.0,신풍제약
747,2018-11-12,7040.0,7080.0,7220.0,7030.0,197959.0,신풍제약
746,2018-11-13,7230.0,6830.0,7510.0,6810.0,549578.0,신풍제약
745,2018-11-14,7200.0,7190.0,7420.0,7100.0,396539.0,신풍제약
744,2018-11-15,7150.0,7200.0,7260.0,7060.0,208973.0,신풍제약
740,2018-11-16,7120.0,7200.0,7230.0,7120.0,211512.0,신풍제약
739,2018-11-19,7190.0,7110.0,7230.0,7110.0,269667.0,신풍제약
738,2018-11-20,7150.0,7150.0,7310.0,7120.0,311624.0,신풍제약
737,2018-11-21,7210.0,7120.0,7220.0,6990.0,278547.0,신풍제약
736,2018-11-22,7090.0,7350.0,7560.0,7080.0,645377.0,신풍제약
733,2018-11-23,6990.0,7090.0,7180.0,6990.0,245634.0,신풍제약
732,2018-11-26,7020.0,7010.0,7120.0,6970.0,209237.0,신풍제약
731,2018-11-27,7330.0,7080.0,7380.0,6990.0,736433.0,신풍제약
730,2018-11-28,7340.0,7490.0,7630.0,7330.0,954768.0,신풍제약
729,2018-11-29,7350.0,7430.0,7620.0,7340.0,862886.0,신풍제약
725,2018-11-30,7230.0,7330.0,7470.0,7200.0,334023.0,신풍제약
724,2018-12-03,7480.0,7310.0,7550.0,7300.0,883104.0,신풍제약
723,2018-12-04,7270.0,7530.0,7530.0,7260.0,549079.0,신풍제약
722,2018-12-05,7400.0,7100.0,7500.0,7100.0,916466.0,신풍제약
721,2018-12-06,7130.0,7500.0,7780.0,7100.0,3159005.0,신풍제약
718,2018-12-07,7000.0,7220.0,7260.0,6900.0,745150.0,신풍제약
717,2018-12-10,6600.0,6860.0,6970.0,6520.0,833339.0,신풍제약
716,2018-12-11,6380.0,6730.0,6740.0,6360.0,637332.0,신풍제약
715,2018-12-12,6530.0,6400.0,6550.0,6380.0,339891.0,신풍제약
714,2018-12-13,6600.0,6510.0,6680.0,6460.0,369862.0,신풍제약
710,2018-12-14,6420.0,6600.0,6640.0,6380.0,343893.0,신풍제약
709,2018-12-17,6180.0,6390.0,6420.0,6100.0,467062.0,신풍제약
708,2018-12-18,6100.0,6040.0,6180.0,6030.0,432172.0,신풍제약
707,2018-12-19,6180.0,6120.0,6180.0,6040.0,423005.0,신풍제약
706,2018-12-20,6260.0,6140.0,6410.0,6100.0,629592.0,신풍제약
703,2018-12-21,6270.0,6240.0,6380.0,6150.0,375992.0,신풍제약
702,2018-12-24,6190.0,6320.0,6400.0,6190.0,424947.0,신풍제약
701,2018-12-26,6080.0,6040.0,6120.0,5980.0,437720.0,신풍제약
700,2018-12-27,6230.0,6230.0,6270.0,6140.0,249960.0,신풍제약
699,2018-12-28,6410.0,6300.0,6450.0,6280.0,386430.0,신풍제약
695,2019-01-02,6260.0,6510.0,6520.0,6230.0,386770.0,신풍제약
694,2019-01-03,6170.0,6260.0,6330.0,6150.0,254562.0,신풍제약
693,2019-01-04,6840.0,6110.0,6850.0,6110.0,1526914.0,신풍제약
692,2019-01-07,7410.0,7190.0,7500.0,6970.0,2745330.0,신풍제약
691,2019-01-08,7200.0,7400.0,7500.0,7150.0,1304960.0,신풍제약
688,2019-01-09,7180.0,7330.0,7440.0,7070.0,1148289.0,신풍제약
687,2019-01-10,7110.0,7250.0,7290.0,7050.0,587843.0,신풍제약
686,2019-01-11,6960.0,7110.0,7340.0,6930.0,962123.0,신풍제약
685,2019-01-14,7020.0,7130.0,7170.0,6960.0,691723.0,신풍제약
684,2019-01-15,7130.0,7080.0,7280.0,7020.0,748516.0,신풍제약
680,2019-01-16,6930.0,7180.0,7190.0,6880.0,733148.0,신풍제약
679,2019-01-17,6740.0,6990.0,7140.0,6710.0,664731.0,신풍제약
678,2019-01-18,7040.0,6800.0,7040.0,6750.0,648865.0,신풍제약
677,2019-01-21,7030.0,7100.0,7160.0,6960.0,499354.0,신풍제약
676,2019-01-22,7210.0,7030.0,7340.0,7010.0,1136192.0,신풍제약
673,2019-01-23,7200.0,7170.0,7350.0,7090.0,951994.0,신풍제약
672,2019-01-24,7320.0,7200.0,7470.0,7110.0,1058231.0,신풍제약
671,2019-01-25,7180.0,7390.0,7420.0,7110.0,637994.0,신풍제약
670,2019-01-28,7390.0,7160.0,7390.0,7140.0,1038396.0,신풍제약
669,2019-01-29,7240.0,7420.0,7420.0,7150.0,603367.0,신풍제약
665,2019-01-30,7090.0,7240.0,7280.0,7080.0,569245.0,신풍제약
664,2019-01-31,7250.0,7100.0,7280.0,7090.0,777058.0,신풍제약
663,2019-02-01,7160.0,7240.0,7310.0,7130.0,390196.0,신풍제약
662,2019-02-07,7520.0,7210.0,7530.0,7140.0,1423624.0,신풍제약
661,2019-02-08,7690.0,7510.0,7770.0,7380.0,1543770.0,신풍제약
658,2019-02-11,8010.0,7780.0,8520.0,7760.0,4784465.0,신풍제약
657,2019-02-12,8050.0,8010.0,8160.0,7810.0,1281439.0,신풍제약
656,2019-02-13,8250.0,8100.0,8330.0,8090.0,1236254.0,신풍제약
655,2019-02-14,8180.0,8200.0,8340.0,8000.0,1098073.0,신풍제약
654,2019-02-15,8060.0,8120.0,8160.0,7950.0,779271.0,신풍제약
650,2019-02-18,8340.0,8110.0,8350.0,8040.0,1119750.0,신풍제약
649,2019-02-19,8220.0,8340.0,8350.0,8160.0,667848.0,신풍제약
648,2019-02-20,8070.0,8250.0,8250.0,8050.0,541539.0,신풍제약
647,2019-02-21,8040.0,8070.0,8190.0,8020.0,455981.0,신풍제약
646,2019-02-22,8100.0,8040.0,8120.0,7860.0,616709.0,신풍제약
643,2019-02-25,8030.0,8030.0,8140.0,8020.0,383469.0,신풍제약
642,2019-02-26,8010.0,8150.0,8160.0,8000.0,425920.0,신풍제약
641,2019-02-27,8200.0,8010.0,8210.0,8000.0,674044.0,신풍제약
640,2019-02-28,7920.0,8180.0,8530.0,7890.0,2088907.0,신풍제약
639,2019-03-04,8630.0,8200.0,8630.0,8190.0,1909844.0,신풍제약
635,2019-03-05,8470.0,8730.0,8740.0,8390.0,1174689.0,신풍제약
634,2019-03-06,8320.0,8520.0,8520.0,8170.0,820021.0,신풍제약
633,2019-03-07,8190.0,8270.0,8530.0,8140.0,884161.0,신풍제약
632,2019-03-08,8230.0,8140.0,8320.0,8050.0,581769.0,신풍제약
631,2019-03-11,8230.0,8260.0,8430.0,7910.0,1127776.0,신풍제약
628,2019-03-12,8180.0,8230.0,8320.0,8060.0,906586.0,신풍제약
627,2019-03-13,8460.0,8190.0,8530.0,8120.0,1768697.0,신풍제약
626,2019-03-14,8400.0,8460.0,8530.0,8320.0,683330.0,신풍제약
625,2019-03-15,8090.0,8370.0,8420.0,8090.0,937728.0,신풍제약
624,2019-03-18,7950.0,8100.0,8180.0,7920.0,962873.0,신풍제약
620,2019-03-19,7830.0,7990.0,8120.0,7800.0,862468.0,신풍제약
619,2019-03-20,7950.0,7860.0,8030.0,7540.0,1447828.0,신풍제약
618,2019-03-21,7820.0,7930.0,8050.0,7820.0,777577.0,신풍제약
617,2019-03-22,7760.0,8030.0,8070.0,7760.0,765165.0,신풍제약
616,2019-03-25,7650.0,7600.0,7750.0,7580.0,649134.0,신풍제약
613,2019-03-26,7650.0,7720.0,7760.0,7610.0,388246.0,신풍제약
612,2019-03-27,7430.0,7690.0,7710.0,7390.0,597979.0,신풍제약
611,2019-03-28,7190.0,7400.0,7550.0,7190.0,532384.0,신풍제약
610,2019-03-29,7330.0,7220.0,7610.0,7220.0,829715.0,신풍제약
609,2019-04-01,7740.0,7350.0,8360.0,7240.0,4925023.0,신풍제약
605,2019-04-02,7520.0,7740.0,7740.0,7520.0,858515.0,신풍제약
604,2019-04-03,7670.0,7490.0,7840.0,7440.0,1008645.0,신풍제약
603,2019-04-04,7650.0,7690.0,7770.0,7570.0,486177.0,신풍제약
602,2019-04-05,7750.0,7700.0,7890.0,7600.0,797174.0,신풍제약
601,2019-04-08,7750.0,7810.0,7950.0,7750.0,771823.0,신풍제약
598,2019-04-09,7700.0,7830.0,7860.0,7590.0,401663.0,신풍제약
597,2019-04-10,8070.0,7700.0,8090.0,7600.0,1599160.0,신풍제약
596,2019-04-11,7980.0,8080.0,8100.0,7920.0,620577.0,신풍제약
595,2019-04-12,7930.0,8050.0,8170.0,7920.0,886034.0,신풍제약
594,2019-04-15,7850.0,7930.0,7940.0,7780.0,467772.0,신풍제약
590,2019-04-16,7870.0,7900.0,7980.0,7830.0,421766.0,신풍제약
589,2019-04-17,7880.0,8000.0,8100.0,7870.0,873088.0,신풍제약
588,2019-04-18,7630.0,7850.0,7850.0,7600.0,536650.0,신풍제약
587,2019-04-19,7810.0,7740.0,7900.0,7670.0,467065.0,신풍제약
586,2019-04-22,8010.0,7830.0,8070.0,7760.0,812548.0,신풍제약
583,2019-04-23,7850.0,8040.0,8050.0,7840.0,348006.0,신풍제약
582,2019-04-24,7730.0,7920.0,7930.0,7720.0,305925.0,신풍제약
581,2019-04-25,7830.0,7910.0,8250.0,7800.0,1584429.0,신풍제약
580,2019-04-26,7580.0,7790.0,7810.0,7560.0,671952.0,신풍제약
579,2019-04-29,7620.0,7800.0,8030.0,7620.0,1573578.0,신풍제약
575,2019-04-30,8050.0,7620.0,8340.0,7610.0,4787042.0,신풍제약
574,2019-05-02,8020.0,8110.0,8180.0,7990.0,1131905.0,신풍제약
573,2019-05-03,8050.0,8040.0,8130.0,7870.0,764946.0,신풍제약
572,2019-05-07,7940.0,7980.0,8050.0,7880.0,556132.0,신풍제약
571,2019-05-08,7830.0,7870.0,7880.0,7750.0,507694.0,신풍제약
568,2019-05-09,7580.0,7850.0,7870.0,7500.0,857761.0,신풍제약
567,2019-05-10,7420.0,7510.0,7630.0,7320.0,572373.0,신풍제약
566,2019-05-13,7100.0,7390.0,7450.0,7100.0,584999.0,신풍제약
565,2019-05-14,7090.0,6950.0,7270.0,6930.0,440965.0,신풍제약
564,2019-05-15,7240.0,7120.0,7260.0,7120.0,264590.0,신풍제약
560,2019-05-16,7140.0,7290.0,7360.0,7110.0,227327.0,신풍제약
559,2019-05-17,7000.0,7180.0,7250.0,7000.0,338200.0,신풍제약
558,2019-05-20,6790.0,7000.0,7100.0,6780.0,400915.0,신풍제약
557,2019-05-21,6850.0,6730.0,6990.0,6730.0,283799.0,신풍제약
556,2019-05-22,6950.0,6890.0,7020.0,6860.0,191682.0,신풍제약
553,2019-05-23,6840.0,6950.0,6990.0,6830.0,196971.0,신풍제약
552,2019-05-24,6740.0,6760.0,6850.0,6720.0,277995.0,신풍제약
551,2019-05-27,6720.0,6750.0,6840.0,6680.0,234076.0,신풍제약
550,2019-05-28,7010.0,6730.0,7020.0,6730.0,324009.0,신풍제약
549,2019-05-29,6840.0,7000.0,7010.0,6810.0,223140.0,신풍제약
545,2019-05-30,6850.0,6810.0,6910.0,6770.0,180821.0,신풍제약
544,2019-05-31,6910.0,6820.0,6990.0,6820.0,165567.0,신풍제약
543,2019-06-03,6900.0,6970.0,6970.0,6820.0,129874.0,신풍제약
542,2019-06-04,6970.0,7040.0,7040.0,6910.0,217496.0,신풍제약
541,2019-06-05,6950.0,7060.0,7070.0,6940.0,154218.0,신풍제약
538,2019-06-07,7040.0,6960.0,7080.0,6960.0,117280.0,신풍제약
537,2019-06-10,7100.0,7070.0,7130.0,7040.0,175980.0,신풍제약
536,2019-06-11,7270.0,7090.0,7300.0,7090.0,242572.0,신풍제약
535,2019-06-12,7190.0,7280.0,7330.0,7110.0,222718.0,신풍제약
534,2019-06-13,7270.0,7170.0,7290.0,7140.0,177491.0,신풍제약
530,2019-06-14,7250.0,7270.0,7500.0,7190.0,497988.0,신풍제약
529,2019-06-17,7100.0,7210.0,7250.0,7090.0,184124.0,신풍제약
528,2019-06-18,7110.0,7100.0,7170.0,7040.0,153857.0,신풍제약
527,2019-06-19,7090.0,7130.0,7170.0,7010.0,309386.0,신풍제약
526,2019-06-20,7220.0,7100.0,7310.0,7090.0,217161.0,신풍제약
523,2019-06-21,7110.0,7220.0,7260.0,7110.0,155180.0,신풍제약
522,2019-06-24,7100.0,7090.0,7120.0,7030.0,183575.0,신풍제약
521,2019-06-25,6980.0,7070.0,7280.0,6980.0,417217.0,신풍제약
520,2019-06-26,7000.0,6980.0,7080.0,6970.0,177749.0,신풍제약
519,2019-06-27,6870.0,7050.0,7050.0,6860.0,272574.0,신풍제약
515,2019-06-28,6720.0,6830.0,6900.0,6720.0,228430.0,신풍제약
514,2019-07-01,6870.0,6720.0,6900.0,6720.0,158692.0,신풍제약
513,2019-07-02,6920.0,6800.0,6950.0,6800.0,122214.0,신풍제약
512,2019-07-03,6800.0,6920.0,6950.0,6770.0,197628.0,신풍제약
511,2019-07-04,6690.0,6790.0,6820.0,6530.0,310745.0,신풍제약
508,2019-07-05,6740.0,6620.0,6750.0,6620.0,113870.0,신풍제약
507,2019-07-08,6440.0,6690.0,6780.0,6440.0,223145.0,신풍제약
506,2019-07-09,6210.0,6400.0,6520.0,6210.0,241591.0,신풍제약
505,2019-07-10,6300.0,6170.0,6370.0,6170.0,126779.0,신풍제약
504,2019-07-11,6390.0,6300.0,6420.0,6280.0,113360.0,신풍제약
500,2019-07-12,6450.0,6390.0,6470.0,6380.0,79595.0,신풍제약
499,2019-07-15,6350.0,6400.0,6450.0,6310.0,114852.0,신풍제약
498,2019-07-16,6400.0,6340.0,6500.0,6290.0,145635.0,신풍제약
497,2019-07-17,6440.0,6370.0,6500.0,6340.0,160046.0,신풍제약
496,2019-07-18,6420.0,6450.0,6490.0,6410.0,97744.0,신풍제약
493,2019-07-19,6510.0,6440.0,6530.0,6420.0,113681.0,신풍제약
492,2019-07-22,6500.0,6460.0,6570.0,6420.0,88028.0,신풍제약
491,2019-07-23,6420.0,6500.0,6560.0,6420.0,118135.0,신풍제약
490,2019-07-24,6420.0,6390.0,6830.0,6360.0,518265.0,신풍제약
489,2019-07-25,6450.0,6490.0,6510.0,6350.0,189719.0,신풍제약
485,2019-07-26,6410.0,6420.0,6530.0,6370.0,135654.0,신풍제약
484,2019-07-29,6000.0,6410.0,6480.0,6000.0,368507.0,신풍제약
483,2019-07-30,6000.0,5890.0,6150.0,5890.0,195236.0,신풍제약
482,2019-07-31,6180.0,5970.0,6190.0,5850.0,194136.0,신풍제약
481,2019-08-01,6250.0,6180.0,6310.0,6140.0,120311.0,신풍제약
478,2019-08-02,6120.0,6090.0,6250.0,6000.0,165894.0,신풍제약
477,2019-08-05,5420.0,6060.0,6120.0,5420.0,596476.0,신풍제약
476,2019-08-06,5020.0,5020.0,5520.0,4940.0,683949.0,신풍제약
475,2019-08-07,5240.0,5020.0,5280.0,5020.0,352614.0,신풍제약
474,2019-08-08,5440.0,5250.0,5520.0,5220.0,218345.0,신풍제약
470,2019-08-09,5480.0,5500.0,5590.0,5430.0,113979.0,신풍제약
469,2019-08-12,5550.0,5440.0,5600.0,5390.0,145710.0,신풍제약
468,2019-08-13,5550.0,5540.0,5610.0,5470.0,92249.0,신풍제약
467,2019-08-14,5520.0,5610.0,5610.0,5490.0,149357.0,신풍제약
466,2019-08-16,5430.0,5450.0,5450.0,5260.0,140043.0,신풍제약
463,2019-08-19,5430.0,5460.0,5500.0,5400.0,96997.0,신풍제약
462,2019-08-20,5630.0,5410.0,5630.0,5410.0,168757.0,신풍제약
461,2019-08-21,5750.0,5630.0,5890.0,5580.0,255374.0,신풍제약
460,2019-08-22,5730.0,5850.0,5850.0,5700.0,130037.0,신풍제약
459,2019-08-23,5670.0,5680.0,5740.0,5610.0,103301.0,신풍제약
455,2019-08-26,5380.0,5450.0,5540.0,5360.0,132853.0,신풍제약
454,2019-08-27,5400.0,5490.0,5650.0,5390.0,165306.0,신풍제약
453,2019-08-28,5600.0,5450.0,6160.0,5350.0,741558.0,신풍제약
452,2019-08-29,5710.0,5700.0,5910.0,5580.0,514839.0,신풍제약
451,2019-08-30,5880.0,5720.0,5890.0,5720.0,217708.0,신풍제약
448,2019-09-02,5900.0,5890.0,5950.0,5800.0,172536.0,신풍제약
447,2019-09-03,5990.0,5900.0,5990.0,5860.0,142819.0,신풍제약
446,2019-09-04,6070.0,5990.0,6150.0,5940.0,177851.0,신풍제약
445,2019-09-05,6050.0,6150.0,6160.0,6030.0,134077.0,신풍제약
444,2019-09-06,6070.0,6070.0,6110.0,6000.0,85538.0,신풍제약
440,2019-09-09,5980.0,6070.0,6130.0,5960.0,88095.0,신풍제약
439,2019-09-10,6020.0,6250.0,6250.0,5990.0,95005.0,신풍제약
438,2019-09-11,6040.0,6020.0,6080.0,6010.0,70213.0,신풍제약
437,2019-09-16,6110.0,6100.0,6140.0,6020.0,122845.0,신풍제약
436,2019-09-17,6180.0,6010.0,6260.0,6010.0,248552.0,신풍제약
433,2019-09-18,6140.0,6270.0,6270.0,6120.0,120481.0,신풍제약
432,2019-09-19,6100.0,6090.0,6260.0,6080.0,185814.0,신풍제약
431,2019-09-20,6090.0,6150.0,6160.0,6080.0,66671.0,신풍제약
430,2019-09-23,6050.0,6070.0,6160.0,6010.0,86388.0,신풍제약
429,2019-09-24,6130.0,6050.0,6190.0,6040.0,92944.0,신풍제약
425,2019-09-25,5940.0,6130.0,6190.0,5800.0,109782.0,신풍제약
424,2019-09-26,6010.0,5980.0,6320.0,5970.0,747309.0,신풍제약
423,2019-09-27,6180.0,6030.0,6230.0,5990.0,235676.0,신풍제약
422,2019-09-30,6230.0,6290.0,6300.0,6100.0,300972.0,신풍제약
421,2019-10-01,6410.0,6180.0,6500.0,6150.0,615435.0,신풍제약
418,2019-10-02,6210.0,6350.0,6350.0,6200.0,279122.0,신풍제약
417,2019-10-04,6080.0,6180.0,6240.0,6080.0,131742.0,신풍제약
416,2019-10-07,6260.0,6080.0,6260.0,6010.0,150630.0,신풍제약
415,2019-10-08,6130.0,6290.0,6290.0,6110.0,149068.0,신풍제약
414,2019-10-10,6120.0,6110.0,6180.0,6080.0,89124.0,신풍제약
410,2019-10-11,6210.0,6130.0,6230.0,6110.0,90343.0,신풍제약
409,2019-10-14,6190.0,6190.0,6260.0,6170.0,110664.0,신풍제약
408,2019-10-15,6340.0,6170.0,6560.0,6170.0,572321.0,신풍제약
407,2019-10-16,6360.0,6340.0,6390.0,6270.0,207350.0,신풍제약
406,2019-10-17,6250.0,6370.0,6430.0,6230.0,141409.0,신풍제약
403,2019-10-18,6200.0,6230.0,6290.0,6190.0,83837.0,신풍제약
402,2019-10-21,6120.0,6200.0,6270.0,6100.0,105660.0,신풍제약
401,2019-10-22,6080.0,6200.0,6230.0,6080.0,199672.0,신풍제약
400,2019-10-23,6480.0,6150.0,6960.0,6100.0,3154438.0,신풍제약
399,2019-10-24,6190.0,6500.0,6570.0,6170.0,613984.0,신풍제약
395,2019-10-25,6140.0,6190.0,6250.0,6120.0,363497.0,신풍제약
394,2019-10-28,6430.0,6230.0,6600.0,6190.0,932363.0,신풍제약
393,2019-10-29,6490.0,6460.0,6650.0,6380.0,669413.0,신풍제약
392,2019-10-30,6410.0,6530.0,6530.0,6390.0,232689.0,신풍제약
391,2019-10-31,6580.0,6510.0,6680.0,6410.0,506368.0,신풍제약
388,2019-11-01,6760.0,6600.0,6900.0,6540.0,799588.0,신풍제약
387,2019-11-04,7170.0,6880.0,7730.0,6690.0,6669599.0,신풍제약
386,2019-11-05,8050.0,7200.0,8050.0,6980.0,6533414.0,신풍제약
385,2019-11-06,7610.0,7950.0,8220.0,7540.0,5316376.0,신풍제약
384,2019-11-07,7330.0,7660.0,7690.0,7170.0,1682156.0,신풍제약
380,2019-11-08,7030.0,7350.0,7430.0,6990.0,1200843.0,신풍제약
379,2019-11-11,7150.0,7000.0,7150.0,6860.0,986587.0,신풍제약
378,2019-11-12,6950.0,7140.0,7160.0,6950.0,645697.0,신풍제약
377,2019-11-13,7210.0,7030.0,7220.0,6740.0,2886674.0,신풍제약
376,2019-11-14,6960.0,7670.0,7750.0,6960.0,4216332.0,신풍제약
373,2019-11-15,6970.0,6970.0,7150.0,6910.0,761335.0,신풍제약
372,2019-11-18,6980.0,7080.0,7190.0,6980.0,769934.0,신풍제약
371,2019-11-19,6700.0,6910.0,6940.0,6660.0,706489.0,신풍제약
370,2019-11-20,6570.0,6650.0,6930.0,6550.0,800106.0,신풍제약
369,2019-11-21,6440.0,6600.0,6670.0,6390.0,431718.0,신풍제약
365,2019-11-22,6430.0,6440.0,6670.0,6410.0,409510.0,신풍제약
364,2019-11-25,6570.0,6460.0,6600.0,6460.0,270295.0,신풍제약
363,2019-11-26,6640.0,6640.0,6690.0,6590.0,276170.0,신풍제약
362,2019-11-27,6690.0,6660.0,7070.0,6540.0,1297722.0,신풍제약
361,2019-11-28,6780.0,6690.0,6900.0,6570.0,913451.0,신풍제약
358,2019-11-29,6600.0,6780.0,6820.0,6590.0,639053.0,신풍제약
357,2019-12-02,6540.0,6610.0,6670.0,6520.0,234198.0,신풍제약
356,2019-12-03,6660.0,6460.0,6690.0,6460.0,284992.0,신풍제약
355,2019-12-04,6660.0,6600.0,6800.0,6590.0,391957.0,신풍제약
354,2019-12-05,6650.0,6800.0,6940.0,6630.0,846181.0,신풍제약
350,2019-12-06,6960.0,6620.0,7040.0,6620.0,1261923.0,신풍제약
349,2019-12-09,6920.0,7070.0,7080.0,6820.0,829525.0,신풍제약
348,2019-12-10,6990.0,6890.0,7040.0,6830.0,563962.0,신풍제약
347,2019-12-11,6870.0,6940.0,7070.0,6870.0,428688.0,신풍제약
346,2019-12-12,6850.0,6880.0,6970.0,6840.0,286638.0,신풍제약
343,2019-12-13,6850.0,6880.0,6930.0,6840.0,397956.0,신풍제약
342,2019-12-16,6950.0,6850.0,7020.0,6850.0,586989.0,신풍제약
341,2019-12-17,6870.0,7040.0,7080.0,6850.0,458624.0,신풍제약
340,2019-12-18,6800.0,6910.0,6930.0,6770.0,344613.0,신풍제약
339,2019-12-19,6870.0,6800.0,6990.0,6800.0,430207.0,신풍제약
335,2019-12-20,6830.0,6900.0,6900.0,6810.0,220771.0,신풍제약
334,2019-12-23,6820.0,6850.0,6930.0,6770.0,396869.0,신풍제약
333,2019-12-24,6720.0,6830.0,6850.0,6660.0,422327.0,신풍제약
332,2019-12-26,6740.0,6700.0,6840.0,6700.0,338890.0,신풍제약
331,2019-12-27,6970.0,6750.0,6990.0,6750.0,527228.0,신풍제약
328,2019-12-30,7240.0,7010.0,7270.0,6970.0,903900.0,신풍제약
327,2020-01-02,7320.0,7330.0,7410.0,7160.0,649218.0,신풍제약
326,2020-01-03,7230.0,7320.0,7370.0,7170.0,416141.0,신풍제약
325,2020-01-06,6950.0,7200.0,7200.0,6930.0,435744.0,신풍제약
324,2020-01-07,7250.0,7020.0,7670.0,6970.0,3214624.0,신풍제약
320,2020-01-08,6780.0,7150.0,7160.0,6760.0,831279.0,신풍제약
319,2020-01-09,6920.0,6950.0,7080.0,6870.0,493419.0,신풍제약
318,2020-01-10,7040.0,6940.0,7070.0,6870.0,329437.0,신풍제약
317,2020-01-13,6990.0,7060.0,7100.0,6970.0,313214.0,신풍제약
316,2020-01-14,6920.0,7020.0,7040.0,6910.0,321225.0,신풍제약
313,2020-01-15,6940.0,6930.0,7040.0,6930.0,143278.0,신풍제약
312,2020-01-16,6920.0,6950.0,7000.0,6900.0,188422.0,신풍제약
311,2020-01-17,6990.0,6960.0,7090.0,6870.0,431451.0,신풍제약
310,2020-01-20,7140.0,7120.0,7270.0,7000.0,1007144.0,신풍제약
309,2020-01-21,7210.0,7190.0,7700.0,7050.0,6718900.0,신풍제약
305,2020-01-22,7380.0,7340.0,7660.0,7260.0,2792722.0,신풍제약
304,2020-01-23,7600.0,7500.0,7850.0,7300.0,5973901.0,신풍제약
303,2020-01-28,7710.0,8010.0,8140.0,7600.0,7179502.0,신풍제약
302,2020-01-29,7130.0,7600.0,7630.0,6870.0,2197885.0,신풍제약
301,2020-01-30,7010.0,7410.0,7600.0,6960.0,2306525.0,신풍제약
298,2020-01-31,6630.0,7060.0,7150.0,6610.0,1289446.0,신풍제약
297,2020-02-03,6470.0,6400.0,6580.0,6290.0,1010960.0,신풍제약
296,2020-02-04,6580.0,6430.0,6660.0,6430.0,528757.0,신풍제약
295,2020-02-05,8550.0,6650.0,8550.0,6590.0,27487133.0,신풍제약
294,2020-02-06,9970.0,9300.0,10900.0,9280.0,48735427.0,신풍제약
290,2020-02-07,8800.0,10100.0,10400.0,8370.0,36655616.0,신풍제약
289,2020-02-10,7880.0,8510.0,8800.0,7880.0,11438334.0,신풍제약
288,2020-02-11,7510.0,7740.0,8250.0,7500.0,15066138.0,신풍제약
287,2020-02-12,6940.0,7400.0,7450.0,6940.0,6817712.0,신풍제약
286,2020-02-13,6900.0,7090.0,7430.0,6850.0,11303494.0,신풍제약
283,2020-02-14,6900.0,6910.0,7130.0,6810.0,3510738.0,신풍제약
282,2020-02-17,7160.0,7100.0,7300.0,7040.0,4576902.0,신풍제약
281,2020-02-18,8230.0,7280.0,8980.0,7190.0,53332630.0,신풍제약
280,2020-02-19,9160.0,7960.0,9940.0,7860.0,53340093.0,신풍제약
279,2020-02-20,8140.0,9390.0,9600.0,8100.0,25453076.0,신풍제약
275,2020-02-21,9000.0,8710.0,9370.0,7840.0,39241653.0,신풍제약
274,2020-02-24,8850.0,10400.0,10450.0,8470.0,26226937.0,신풍제약
273,2020-02-25,7850.0,8530.0,8750.0,7680.0,12061702.0,신풍제약
272,2020-02-26,7910.0,7890.0,8620.0,7830.0,14339417.0,신풍제약
271,2020-02-27,7510.0,7910.0,8330.0,7240.0,9295152.0,신풍제약
268,2020-02-28,7360.0,7480.0,7740.0,6950.0,6706585.0,신풍제약
267,2020-03-02,7230.0,7320.0,7570.0,7120.0,3870560.0,신풍제약
266,2020-03-03,8670.0,7290.0,9090.0,7240.0,36558831.0,신풍제약
265,2020-03-04,8030.0,8700.0,8860.0,7990.0,13231425.0,신풍제약
264,2020-03-05,8070.0,7980.0,8720.0,7830.0,17106277.0,신풍제약
260,2020-03-06,8130.0,8180.0,8600.0,8110.0,10401644.0,신풍제약
259,2020-03-09,8220.0,8290.0,8810.0,8040.0,15156685.0,신풍제약
258,2020-03-10,7860.0,8100.0,8430.0,7770.0,7649332.0,신풍제약
257,2020-03-11,8060.0,8070.0,8490.0,7780.0,7921755.0,신풍제약
256,2020-03-12,8410.0,8180.0,8550.0,7880.0,12175871.0,신풍제약
253,2020-03-13,7950.0,9150.0,9490.0,7770.0,43159438.0,신풍제약
252,2020-03-16,8020.0,8040.0,8420.0,7820.0,8899014.0,신풍제약
251,2020-03-17,7850.0,7780.0,8240.0,7600.0,7075748.0,신풍제약
250,2020-03-18,7800.0,8020.0,8730.0,7800.0,15368845.0,신풍제약
249,2020-03-19,6610.0,8120.0,8150.0,6510.0,6210653.0,신풍제약
245,2020-03-20,7880.0,7950.0,8250.0,7480.0,23789010.0,신풍제약
244,2020-03-23,8340.0,8480.0,9280.0,8160.0,29900733.0,신풍제약
243,2020-03-24,8550.0,8730.0,8950.0,8330.0,16239692.0,신풍제약
242,2020-03-25,9610.0,8370.0,9610.0,8210.0,30547156.0,신풍제약
241,2020-03-26,12450.0,9800.0,12450.0,9750.0,45953613.0,신풍제약
238,2020-03-27,13000.0,13050.0,16000.0,10800.0,60560513.0,신풍제약
237,2020-03-30,14750.0,14000.0,15350.0,12650.0,28078381.0,신풍제약
236,2020-03-31,14400.0,15250.0,16450.0,13750.0,18394459.0,신풍제약
235,2020-04-01,12150.0,13700.0,14150.0,11500.0,9571806.0,신풍제약
234,2020-04-02,11850.0,11700.0,12850.0,10300.0,13154918.0,신풍제약
230,2020-04-03,15400.0,12450.0,15400.0,11800.0,21410786.0,신풍제약
229,2020-04-06,20000.0,18450.0,20000.0,18350.0,3994971.0,신풍제약
228,2020-04-07,20000.0,0.0,0.0,0.0,0.0,신풍제약
227,2020-04-08,20450.0,21500.0,25000.0,16800.0,42329057.0,신풍제약
226,2020-04-09,20450.0,0.0,0.0,0.0,0.0,신풍제약
223,2020-04-10,23750.0,22000.0,24900.0,21500.0,23427263.0,신풍제약
222,2020-04-13,22000.0,22500.0,24500.0,20550.0,12886870.0,신풍제약
221,2020-04-14,19200.0,21100.0,21250.0,18200.0,14978862.0,신풍제약
220,2020-04-16,15800.0,17750.0,17850.0,15750.0,11720117.0,신풍제약
219,2020-04-17,16250.0,17750.0,18400.0,15950.0,16428922.0,신풍제약
215,2020-04-20,18950.0,16500.0,20350.0,15100.0,35260557.0,신풍제약
214,2020-04-21,18350.0,19300.0,20000.0,16500.0,9753082.0,신풍제약
213,2020-04-22,18700.0,17400.0,19900.0,17000.0,8225601.0,신풍제약
212,2020-04-23,18750.0,18350.0,19400.0,18250.0,4502434.0,신풍제약
211,2020-04-24,18200.0,17900.0,18900.0,17700.0,3601160.0,신풍제약
208,2020-04-27,18050.0,18950.0,18950.0,17850.0,2133203.0,신풍제약
207,2020-04-28,17050.0,17800.0,18350.0,16750.0,4185905.0,신풍제약
206,2020-04-29,16700.0,17300.0,17400.0,16250.0,2146847.0,신풍제약
205,2020-05-04,19250.0,19000.0,20300.0,18350.0,17744790.0,신풍제약
204,2020-05-06,19100.0,18500.0,20850.0,17500.0,10694465.0,신풍제약
200,2020-05-07,18950.0,18550.0,20000.0,18200.0,4321497.0,신풍제약
199,2020-05-08,19050.0,19150.0,19300.0,18650.0,1864797.0,신풍제약
198,2020-05-11,19250.0,19300.0,19550.0,18950.0,1662202.0,신풍제약
197,2020-05-12,19900.0,19400.0,20150.0,18750.0,3722463.0,신풍제약
196,2020-05-13,20100.0,20350.0,20600.0,19900.0,2626899.0,신풍제약
193,2020-05-14,22300.0,24700.0,25000.0,22100.0,12918593.0,신풍제약
192,2020-05-15,20300.0,21400.0,22200.0,20250.0,4715851.0,신풍제약
191,2020-05-18,19700.0,20400.0,20450.0,19200.0,3468889.0,신풍제약
190,2020-05-19,20150.0,20800.0,22000.0,19700.0,6518378.0,신풍제약
189,2020-05-20,20100.0,20100.0,20300.0,19550.0,2252712.0,신풍제약
185,2020-05-21,19950.0,20250.0,20300.0,19500.0,1695377.0,신풍제약
184,2020-05-22,20000.0,19600.0,20150.0,19600.0,1905068.0,신풍제약
183,2020-05-25,20200.0,19650.0,21600.0,19450.0,6308524.0,신풍제약
182,2020-05-26,20650.0,20350.0,21350.0,19850.0,3968122.0,신풍제약
181,2020-05-27,20600.0,20700.0,20950.0,20400.0,2072955.0,신풍제약
178,2020-05-28,20450.0,20650.0,21050.0,19800.0,2494639.0,신풍제약
177,2020-05-29,21700.0,20750.0,21900.0,20650.0,8590829.0,신풍제약
176,2020-06-01,21250.0,21750.0,21900.0,21050.0,2367145.0,신풍제약
175,2020-06-02,20600.0,21250.0,21250.0,20500.0,1762211.0,신풍제약
174,2020-06-03,19900.0,20600.0,20800.0,19700.0,2610935.0,신풍제약
170,2020-06-04,19950.0,20200.0,20350.0,19700.0,1648839.0,신풍제약
169,2020-06-05,20450.0,19800.0,21250.0,19750.0,4296672.0,신풍제약
168,2020-06-08,20950.0,20450.0,21600.0,20350.0,3517948.0,신풍제약
167,2020-06-09,27200.0,21100.0,27200.0,20800.0,25754237.0,신풍제약
166,2020-06-10,29450.0,28700.0,33750.0,28300.0,33420484.0,신풍제약
163,2020-06-11,31050.0,29900.0,32650.0,28600.0,15894953.0,신풍제약
162,2020-06-12,30500.0,30400.0,32000.0,30150.0,8280166.0,신풍제약
161,2020-06-15,34300.0,30750.0,38500.0,30450.0,28085389.0,신풍제약
160,2020-06-16,31700.0,33000.0,34500.0,30500.0,12590696.0,신풍제약
159,2020-06-17,29250.0,30600.0,31350.0,28500.0,6505157.0,신풍제약
155,2020-06-18,30750.0,30700.0,33750.0,30150.0,11117553.0,신풍제약
154,2020-06-19,30150.0,30800.0,32650.0,29500.0,4709311.0,신풍제약
153,2020-06-22,30200.0,30700.0,31400.0,29900.0,2256345.0,신풍제약
152,2020-06-23,30000.0,30400.0,30550.0,28100.0,3420910.0,신풍제약
151,2020-06-24,29000.0,29850.0,30800.0,29000.0,2834069.0,신풍제약
148,2020-06-25,29000.0,28550.0,30700.0,28500.0,2625150.0,신풍제약
147,2020-06-26,28950.0,29500.0,29550.0,27700.0,1768899.0,신풍제약
146,2020-06-29,28700.0,29200.0,29700.0,28700.0,1149023.0,신풍제약
145,2020-06-30,30200.0,28700.0,33650.0,27350.0,12042952.0,신풍제약
144,2020-07-01,29250.0,30400.0,31150.0,29150.0,2957350.0,신풍제약
140,2020-07-02,29300.0,29300.0,29850.0,28900.0,1429912.0,신풍제약
139,2020-07-03,29550.0,29300.0,31300.0,28900.0,3505959.0,신풍제약
138,2020-07-06,31050.0,30100.0,32000.0,29750.0,5148966.0,신풍제약
137,2020-07-07,37950.0,31400.0,39700.0,31050.0,28716072.0,신풍제약
136,2020-07-08,39400.0,39000.0,44600.0,38500.0,15686852.0,신풍제약
133,2020-07-09,41150.0,40250.0,42850.0,39500.0,8047240.0,신풍제약
132,2020-07-10,48650.0,42100.0,52900.0,40800.0,21832615.0,신풍제약
131,2020-07-13,60300.0,51300.0,60600.0,50100.0,13164176.0,신풍제약
130,2020-07-14,62500.0,58200.0,72400.0,55400.0,10573019.0,신풍제약
129,2020-07-15,62600.0,67300.0,70800.0,56000.0,8046389.0,신풍제약
125,2020-07-16,63100.0,61100.0,65200.0,59300.0,4585122.0,신풍제약
124,2020-07-17,73000.0,65100.0,75900.0,63600.0,10346334.0,신풍제약
123,2020-07-20,94900.0,80700.0,94900.0,78000.0,8684128.0,신풍제약
122,2020-07-21,94900.0,0.0,0.0,0.0,0.0,신풍제약
121,2020-07-22,123000.0,111500.0,123000.0,95200.0,8513185.0,신풍제약
118,2020-07-23,123000.0,0.0,0.0,0.0,0.0,신풍제약
117,2020-07-24,105000.0,139000.0,159500.0,105000.0,7202366.0,신풍제약
116,2020-07-27,73500.0,100000.0,103000.0,73500.0,17014592.0,신풍제약
115,2020-07-28,71600.0,76500.0,78900.0,55000.0,36371681.0,신풍제약
114,2020-07-29,75000.0,72400.0,79000.0,68700.0,13369199.0,신풍제약
110,2020-07-30,86000.0,80300.0,89300.0,76500.0,16135343.0,신풍제약
109,2020-07-31,69000.0,87400.0,93800.0,69000.0,9550127.0,신풍제약
108,2020-08-03,73500.0,69900.0,74500.0,68900.0,5853424.0,신풍제약
107,2020-08-04,75000.0,77000.0,77600.0,68500.0,4529032.0,신풍제약
106,2020-08-05,78700.0,75900.0,82000.0,73000.0,4779936.0,신풍제약
103,2020-08-06,77400.0,78800.0,81200.0,71000.0,3403245.0,신풍제약
102,2020-08-07,76100.0,77000.0,77000.0,73300.0,2582484.0,신풍제약
101,2020-08-10,75600.0,76200.0,78000.0,74100.0,1869408.0,신풍제약
100,2020-08-11,76900.0,77000.0,77600.0,75300.0,1760964.0,신풍제약
99,2020-08-12,71800.0,75900.0,76200.0,68400.0,2147793.0,신풍제약
95,2020-08-13,75100.0,75300.0,80100.0,73800.0,2849271.0,신풍제약
94,2020-08-14,75100.0,75000.0,78400.0,70700.0,2635995.0,신풍제약
93,2020-08-18,83500.0,78500.0,89100.0,76200.0,8167164.0,신풍제약
92,2020-08-19,83500.0,85300.0,86200.0,81700.0,2279796.0,신풍제약
91,2020-08-20,93200.0,84000.0,96900.0,82500.0,7406541.0,신풍제약
88,2020-08-21,91000.0,91400.0,92800.0,86000.0,2826108.0,신풍제약
87,2020-08-24,100500.0,94400.0,102000.0,91900.0,6447748.0,신풍제약
86,2020-08-25,114000.0,101000.0,122000.0,99000.0,8298145.0,신풍제약
85,2020-08-26,113000.0,118000.0,127000.0,106500.0,6839845.0,신풍제약
84,2020-08-27,111500.0,117500.0,119000.0,109000.0,2753712.0,신풍제약
80,2020-08-28,111000.0,109500.0,115000.0,105500.0,1932901.0,신풍제약
79,2020-08-31,136500.0,113000.0,136500.0,112000.0,8923037.0,신풍제약
78,2020-09-01,147000.0,143000.0,154500.0,137500.0,8457244.0,신풍제약
77,2020-09-02,158000.0,152000.0,163000.0,149000.0,5227173.0,신풍제약
76,2020-09-03,156500.0,153500.0,162000.0,151000.0,3060054.0,신풍제약
73,2020-09-04,146000.0,150500.0,156000.0,140500.0,3207785.0,신풍제약
72,2020-09-07,148500.0,149500.0,155500.0,144000.0,1990166.0,신풍제약
71,2020-09-08,140000.0,148500.0,148500.0,138000.0,1896434.0,신풍제약
70,2020-09-09,139500.0,135000.0,148000.0,130000.0,1971294.0,신풍제약
69,2020-09-10,141000.0,143500.0,147500.0,139500.0,1168991.0,신풍제약
65,2020-09-11,153500.0,143000.0,158000.0,142500.0,4196887.0,신풍제약
64,2020-09-14,146500.0,155500.0,155500.0,145500.0,1454336.0,신풍제약
63,2020-09-15,146500.0,149000.0,150500.0,146000.0,797504.0,신풍제약
62,2020-09-16,154000.0,147500.0,155500.0,147000.0,1613973.0,신풍제약
61,2020-09-17,152500.0,156500.0,160000.0,150000.0,1274638.0,신풍제약
58,2020-09-18,198000.0,153000.0,198000.0,152000.0,11151883.0,신풍제약
57,2020-09-21,193500.0,209000.0,214000.0,181000.0,5504786.0,신풍제약
56,2020-09-22,166000.0,167000.0,191000.0,136000.0,13709460.0,신풍제약
55,2020-09-23,165000.0,168500.0,182000.0,161500.0,5349571.0,신풍제약
54,2020-09-24,150000.0,158500.0,169500.0,150000.0,3130738.0,신풍제약
50,2020-09-25,136000.0,155000.0,159000.0,131000.0,3873628.0,신풍제약
49,2020-09-28,133500.0,140000.0,151000.0,117000.0,8123549.0,신풍제약
48,2020-09-29,126500.0,137000.0,138000.0,123500.0,3151057.0,신풍제약
47,2020-10-05,127000.0,130500.0,134500.0,122500.0,3157659.0,신풍제약
46,2020-10-06,134000.0,127500.0,137000.0,125000.0,2832451.0,신풍제약
43,2020-10-07,135500.0,134000.0,144000.0,132500.0,3006442.0,신풍제약
42,2020-10-08,140000.0,138000.0,140500.0,135500.0,1333877.0,신풍제약
41,2020-10-12,133500.0,140500.0,140500.0,132000.0,1235415.0,신풍제약
40,2020-10-13,122500.0,133500.0,133500.0,122500.0,2159439.0,신풍제약
39,2020-10-14,126000.0,122500.0,131500.0,122500.0,1857945.0,신풍제약
35,2020-10-15,125000.0,127000.0,128000.0,116500.0,1648363.0,신풍제약
34,2020-10-16,119000.0,123500.0,127500.0,119000.0,1106753.0,신풍제약
33,2020-10-19,128500.0,121500.0,135500.0,119000.0,3029185.0,신풍제약
32,2020-10-20,125500.0,127000.0,130500.0,122000.0,1100126.0,신풍제약
31,2020-10-21,135500.0,127500.0,138500.0,126000.0,3452509.0,신풍제약
28,2020-10-22,136500.0,135000.0,140000.0,133000.0,1226408.0,신풍제약
27,2020-10-23,139000.0,141000.0,145000.0,138000.0,1847507.0,신풍제약
26,2020-10-26,136500.0,142500.0,143500.0,136000.0,840553.0,신풍제약
25,2020-10-27,127000.0,137500.0,142000.0,124000.0,2104948.0,신풍제약
24,2020-10-28,131000.0,127500.0,131500.0,125000.0,1019478.0,신풍제약
20,2020-10-29,130000.0,128000.0,133000.0,127000.0,880817.0,신풍제약
19,2020-10-30,125500.0,129500.0,131000.0,125500.0,663468.0,신풍제약
18,2020-11-02,126000.0,127000.0,128500.0,123000.0,532258.0,신풍제약
17,2020-11-03,134500.0,127500.0,138500.0,127000.0,1452688.0,신풍제약
16,2020-11-04,134500.0,138000.0,138500.0,128000.0,1204282.0,신풍제약
13,2020-11-05,135000.0,135500.0,137000.0,133500.0,577934.0,신풍제약
12,2020-11-06,133000.0,135500.0,136500.0,132000.0,549155.0,신풍제약
11,2020-11-09,134000.0,134500.0,138000.0,132500.0,589650.0,신풍제약
10,2020-11-10,128500.0,132500.0,133000.0,127000.0,979177.0,신풍제약
9,2020-11-11,123500.0,129500.0,130500.0,121000.0,1306219.0,신풍제약
5,2020-11-12,105000.0,122500.0,123000.0,102000.0,3541236.0,신풍제약
4,2020-11-13,126000.0,103000.0,135000.0,96200.0,10987113.0,신풍제약
3,2020-11-16,130500.0,125000.0,141500.0,122000.0,4448368.0,신풍제약
2,2020-11-17,126000.0,123500.0,133000.0,121500.0,2178006.0,신풍제약
1,2020-11-18,120500.0,128000.0,129000.0,120500.0,1187746.0,신풍제약
